{
    "bl": 17.0,
    "cms": 0.00035,
    "fs": 40.1,
    "le": 0.0002,
    "mms": 0.045,
    "model": "TD10M-8",
    "pe": 500.0,
    "qes": 0.26,
    "qms": 2.84,
    "qts": 0.24,
    "re": 6.6,
    "rms": 4.0,
    "sd": 0.0345,
    "vas": 0.05916,
    "vendor": "AESpeakers",
    "xmax": 0.006,
    "xmech": 0.01
}
