{
    "bl": 27.06,
    "cms": 0.00019,
    "fs": 29.0,
    "le": 0.00041,
    "mms": 0.165,
    "model": "TD18H+8",
    "pe": 1000.0,
    "qes": 0.23,
    "qms": 5.9,
    "qts": 0.22,
    "re": 5.6,
    "rms": 5.03,
    "sd": 0.1218,
    "vas": 0.39,
    "vendor": "AESpeakers",
    "xmax": 0.014,
    "xmech": 0.025
}
