{
    "bl": 15.5,
    "cms": 0.00022,
    "fs": 75.9,
    "le": 0.00015,
    "mms": 0.02,
    "model": "TD8M-8",
    "pe": 200.0,
    "qes": 0.27,
    "qms": 7.89,
    "qts": 0.26,
    "re": 6.7,
    "rms": 1.2,
    "sd": 0.019,
    "vas": 0.01128,
    "vendor": "AESpeakers",
    "xmax": 0.003,
    "xmech": 0.006
}
