{
    "bl": 25.5,
    "cms": 0.0001254,
    "fs": 42.0,
    "le": 0.00125,
    "mms": 0.104,
    "model": "15NW76-8",
    "pe": 600.0,
    "qes": 0.23,
    "qms": 4.3,
    "qts": 0.22,
    "re": 5.3,
    "rms": 6.4,
    "sd": 0.0855,
    "vas": 0.13,
    "vendor": "B&CSpeakers",
    "xmax": 0.008
}
