{
    "bl": 25.5,
    "cms": 0.0001966,
    "fs": 40.0,
    "le": 0.00125,
    "mms": 0.077,
    "model": "12NW76-8",
    "qes": 0.17,
    "qms": 3.7,
    "qts": 0.16,
    "re": 5.3,
    "rms": 5.2,
    "sd": 0.0522,
    "vas": 0.076,
    "vendor": "B&CSpeakers",
    "xmax": 0.008
}
