{
    "bl": 20.1,
    "cms": 0.0001215,
    "fs": 45.0,
    "le": 0.00125,
    "mms": 0.102,
    "model": "15NDL88-8",
    "pe": 700.0,
    "qes": 0.36,
    "qms": 6.1,
    "qts": 0.34,
    "re": 5.0,
    "rms": 4.7,
    "sd": 0.0855,
    "vas": 0.126,
    "vendor": "B&CSpeakers",
    "xmax": 0.008
}
