{
    "bl": 23.5,
    "cms": 0.0001403,
    "fs": 43.0,
    "le": 0.00074,
    "mms": 0.0965,
    "model": "14NA100",
    "pe": 800.0,
    "qes": 0.24,
    "qms": 5.6,
    "qts": 0.23,
    "re": 5.1,
    "rms": 4.7,
    "sd": 0.0707,
    "vas": 0.0995,
    "vendor": "B&CSpeakers",
    "xmax": 0.0088
}
