{
    "bl": 22.13,
    "cms": 0.000125,
    "fs": 34.0,
    "le": 0.00149,
    "mms": 0.173,
    "model": "15TBX100-4",
    "pe": 2000.0,
    "qes": 0.28,
    "qms": 5.73,
    "qts": 0.27,
    "re": 3.7,
    "rms": 6.4,
    "sd": 0.0855,
    "vas": 0.1296,
    "vendor": "B&CSpeakers",
    "xmax": 0.009
}
