{
    "bl": 22.91,
    "cms": 0.0001028,
    "fs": 44.0,
    "le": 0.00174,
    "mms": 0.125,
    "model": "12TBX100-4",
    "qes": 0.24,
    "qms": 6.23,
    "qts": 0.23,
    "re": 3.6,
    "rms": 5.5,
    "sd": 0.0531,
    "vas": 0.0411,
    "vendor": "B&CSpeakers",
    "xmax": 0.009
}
