{
    "bl": 22.3,
    "cms": 0.000163,
    "fs": 53.0,
    "le": 0.00083,
    "mms": 0.054,
    "model": "12MH32",
    "pe": 400.0,
    "qes": 0.2,
    "qms": 7.2,
    "qts": 0.19,
    "re": 5.2,
    "rms": 2.53,
    "sd": 0.0522,
    "vas": 0.063,
    "vendor": "B&CSpeakers",
    "xmax": 0.005
}
