{
    "bl": 25.0,
    "cms": 0.0001646,
    "fs": 44.0,
    "le": 0.00205,
    "mms": 0.0795,
    "model": "14NDL88-16",
    "qes": 0.39,
    "qms": 10.6,
    "qts": 0.37,
    "re": 11.0,
    "rms": 2.07345,
    "sd": 0.0707,
    "vas": 0.115,
    "vendor": "B&CSpeakers",
    "xmax": 0.0075
}
