{
    "bl": 24.38,
    "cms": 0.0001083,
    "fs": 44.0,
    "le": 0.00179,
    "mms": 0.12,
    "model": "12NW100-4",
    "qes": 0.21,
    "qms": 5.8,
    "qts": 0.2,
    "re": 3.8,
    "rms": 5.7,
    "sd": 0.0531,
    "vas": 0.0433,
    "vendor": "B&CSpeakers",
    "xmax": 0.009
}
