{
    "bl": 25.5,
    "cms": 0.0001013,
    "fs": 34.0,
    "le": 0.00127,
    "mms": 0.212,
    "model": "15SW115-4",
    "pe": 3400.0,
    "qes": 0.23,
    "qms": 5.8,
    "qts": 0.22,
    "re": 3.2,
    "rms": 7.8,
    "sd": 0.0855,
    "vas": 0.105,
    "vendor": "B&CSpeakers",
    "xmax": 0.0135
}
