{
    "bl": 18.3,
    "cms": 0.000152,
    "fs": 59.0,
    "le": 0.00065,
    "mms": 0.047,
    "model": "10NW64",
    "pe": 300.0,
    "qes": 0.27,
    "qms": 4.3,
    "qts": 0.26,
    "re": 5.2,
    "rms": 4.1,
    "sd": 0.032,
    "vas": 0.022,
    "vendor": "B&CSpeakers",
    "xmax": 0.006
}
