{
    "bl": 23.04,
    "cms": 0.000116,
    "fs": 40.0,
    "le": 0.00135,
    "mms": 0.133,
    "model": "12NBX100-4",
    "pe": 1000.0,
    "qes": 0.23,
    "qms": 7.05,
    "qts": 0.22,
    "re": 3.6,
    "rms": 4.7,
    "sd": 0.0531,
    "vas": 0.0465,
    "vendor": "B&CSpeakers",
    "xmax": 0.01
}
