{
    "bl": 22.69,
    "cms": 0.0001057,
    "fs": 37.0,
    "le": 0.00158,
    "mms": 0.176,
    "model": "15NBX100-4",
    "pe": 1000.0,
    "qes": 0.3,
    "qms": 4.77,
    "qts": 0.27,
    "re": 3.6,
    "rms": 8.6,
    "sd": 0.0855,
    "vas": 0.1096,
    "vendor": "B&CSpeakers",
    "xmax": 0.01
}
