{
    "bl": 16.9,
    "cms": 0.0001779,
    "fs": 40.0,
    "le": 0.00085,
    "mms": 0.089,
    "model": "14NDL88-4",
    "qes": 0.24,
    "qms": 8.2,
    "qts": 0.23,
    "re": 3.1,
    "rms": 2.72782,
    "sd": 0.0707,
    "vas": 0.128,
    "vendor": "B&CSpeakers",
    "xmax": 0.008
}
