{
    "bl": 19.9,
    "cms": 0.0001455,
    "fs": 45.0,
    "le": 0.0012,
    "mms": 0.086,
    "model": "14NDL88-8",
    "qes": 0.31,
    "qms": 7.8,
    "qts": 0.3,
    "re": 5.0,
    "rms": 3.11743,
    "sd": 0.0707,
    "vas": 0.128,
    "vendor": "B&CSpeakers",
    "xmax": 0.008
}
