{
    "bl": 20.64,
    "cms": 0.0001379,
    "fs": 39.0,
    "le": 0.00088,
    "mms": 0.119,
    "model": "15NW76-4",
    "pe": 600.0,
    "qes": 0.21,
    "qms": 6.41,
    "qts": 0.21,
    "re": 3.1,
    "rms": 4.5,
    "sd": 0.0855,
    "vas": 0.143,
    "vendor": "B&CSpeakers",
    "xmax": 0.008
}
