{
    "bl": 24.54,
    "cms": 0.0001216,
    "fs": 34.0,
    "le": 0.00174,
    "mms": 0.18,
    "model": "15NW100-4",
    "pe": 1000.0,
    "qes": 0.23,
    "qms": 5.41,
    "qts": 0.23,
    "re": 3.7,
    "rms": 7.1,
    "sd": 0.0855,
    "vas": 0.1261,
    "vendor": "B&CSpeakers",
    "xmax": 0.009
}
