{
    "bl": 22.0,
    "cms": 0.0001233,
    "fs": 30.0,
    "le": 0.00173,
    "mms": 0.23,
    "model": "18TBX100-4",
    "pe": 2400.0,
    "qes": 0.33,
    "qms": 7.0,
    "qts": 0.31,
    "re": 3.7,
    "rms": 6.2,
    "sd": 0.121,
    "vas": 0.256,
    "vendor": "B&CSpeakers",
    "xmax": 0.009
}
