{
    "bl": 25.5,
    "cms": 0.000127,
    "fs": 42.0,
    "le": 0.00125,
    "mms": 0.104,
    "model": "15NW76",
    "pe": 600.0,
    "qes": 0.23,
    "qms": 4.3,
    "qts": 0.22,
    "re": 5.3,
    "rms": 6.94,
    "sd": 0.0855,
    "vas": 0.13,
    "vendor": "B&CSpeakers",
    "xmax": 0.008
}
