{
    "bl": 25.3,
    "cms": 0.000106,
    "fs": 45.0,
    "le": 0.00325,
    "mms": 0.118,
    "model": "12SW1300Nd",
    "pe": 1200.0,
    "qes": 0.27,
    "qms": 12.07,
    "qts": 0.26,
    "re": 4.9,
    "rms": 2.77,
    "sd": 0.055,
    "vas": 0.045,
    "vendor": "Beyma",
    "xmax": 0.01
}
