{
    "bl": 18.25,
    "cms": 0.00012,
    "fs": 46.0,
    "le": 0.00115,
    "mms": 0.098,
    "model": "15MC500",
    "pe": 500.0,
    "qes": 0.49,
    "qms": 8.0,
    "qts": 0.46,
    "re": 5.7,
    "rms": 3.5,
    "sd": 0.088,
    "vas": 0.1315,
    "vendor": "Beyma",
    "xmax": 0.008
}
