{
    "bl": 25.3,
    "cms": 0.00015,
    "fs": 50.0,
    "le": 0.00075,
    "mms": 0.067,
    "model": "12P80NdV2",
    "pe": 700.0,
    "qes": 0.17,
    "qms": 4.25,
    "qts": 0.16,
    "re": 5.1,
    "rms": 5.0,
    "sd": 0.0413,
    "vas": 0.065,
    "vendor": "Beyma",
    "xmax": 0.0075
}
