{
    "bl": 26.8,
    "cms": 0.000105,
    "fs": 33.0,
    "le": 0.00175,
    "mms": 0.221,
    "model": "18P1000FeV2",
    "pe": 1200.0,
    "qes": 0.33,
    "qms": 10.5,
    "qts": 0.32,
    "re": 5.2,
    "rms": 4.4,
    "sd": 0.125,
    "vas": 0.23,
    "vendor": "Beyma",
    "xmax": 0.008
}
