{
    "bl": 12.1,
    "cms": 0.000345,
    "fs": 31.0,
    "le": 0.00085,
    "mms": 0.074,
    "model": "12BR70",
    "pe": 125.0,
    "qes": 0.56,
    "qms": 4.44,
    "qts": 0.5,
    "re": 5.6,
    "rms": 3.3,
    "sd": 0.054,
    "vas": 0.142,
    "vendor": "Beyma",
    "xmax": 0.008,
    "xmech": 0.0125
}
