{
    "bl": 11.3,
    "cms": 0.00086,
    "fs": 30.3,
    "le": 0.00229,
    "mms": 0.0322,
    "model": "DC160S-8",
    "pe": 50.0,
    "qes": 0.33,
    "qms": 3.04,
    "qts": 0.3,
    "re": 6.9,
    "rms": 2.0,
    "sd": 0.01348,
    "vas": 0.0225,
    "vendor": "DaytonAudio",
    "xmax": 0.0032
}
