{
    "bl": 5.6,
    "cms": 0.00165,
    "fs": 47.1,
    "le": 0.00065,
    "mms": 0.0069,
    "model": "RS150P-8A",
    "pe": 40.0,
    "qes": 0.43,
    "qms": 1.66,
    "qts": 0.34,
    "re": 6.7,
    "rms": 1.2,
    "sd": 0.0085,
    "vas": 0.0167,
    "vendor": "DaytonAudio",
    "xmax": 0.004
}
