{
    "bl": 10.1,
    "cms": 0.00049,
    "fs": 31.6,
    "le": 0.00125,
    "mms": 0.0515,
    "model": "DS270-8",
    "pe": 100.0,
    "qes": 0.54,
    "qms": 2.4,
    "qts": 0.44,
    "re": 5.4,
    "rms": 4.3,
    "sd": 0.0353,
    "vas": 0.0877,
    "vendor": "DaytonAudio",
    "xmax": 0.0055
}
