{
    "bl": 6.38,
    "cms": 0.00072,
    "fs": 33.0,
    "le": 0.00049,
    "mms": 0.0322,
    "model": "RS225-4",
    "pe": 80.0,
    "qes": 0.52,
    "qms": 2.02,
    "qts": 0.41,
    "re": 3.2,
    "rms": 3.3,
    "sd": 0.02138,
    "vas": 0.0464,
    "vendor": "DaytonAudio",
    "xmax": 0.006
}
