{
    "bl": 7.02,
    "cms": 0.00057,
    "fs": 39.0,
    "le": 0.00099,
    "mms": 0.0292,
    "model": "DC160-4",
    "pe": 60.0,
    "qes": 0.49,
    "qms": 3.31,
    "qts": 0.43,
    "re": 3.4,
    "rms": 2.2,
    "sd": 0.01368,
    "vas": 0.015,
    "vendor": "DaytonAudio",
    "xmax": 0.0034
}
