{
    "bl": 7.82,
    "cms": 0.00112,
    "fs": 35.7,
    "le": 0.00073,
    "mms": 0.0179,
    "model": "RS180-8",
    "pe": 60.0,
    "qes": 0.42,
    "qms": 1.22,
    "qts": 0.31,
    "re": 6.4,
    "rms": 3.3,
    "sd": 0.01247,
    "vas": 0.0244,
    "vendor": "DaytonAudio",
    "xmax": 0.006
}
