{
    "bl": 7.97,
    "cms": 0.00115,
    "fs": 32.3,
    "le": 0.00085,
    "mms": 0.0212,
    "model": "RS225P-8",
    "pe": 80.0,
    "qes": 0.44,
    "qms": 1.28,
    "qts": 0.33,
    "re": 6.5,
    "rms": 3.4,
    "sd": 0.02138,
    "vas": 0.0735,
    "vendor": "DaytonAudio",
    "xmax": 0.007
}
