{
    "bl": 22.3,
    "cms": 0.00019,
    "fs": 28.3,
    "le": 0.0039,
    "mms": 0.171,
    "model": "PA460-8",
    "pe": 500.0,
    "qes": 0.34,
    "qms": 11.2,
    "qts": 0.33,
    "re": 5.6,
    "rms": 2.7,
    "sd": 0.12411,
    "vas": 0.402,
    "vendor": "DaytonAudio",
    "xmax": 0.006
}
