{
    "bl": 20.4,
    "cms": 0.00039,
    "fs": 18.8,
    "le": 0.00309,
    "mms": 0.1829,
    "model": "DC380-8",
    "pe": 100.0,
    "qes": 0.34,
    "qms": 2.87,
    "qts": 0.3,
    "re": 6.4,
    "rms": 7.5,
    "sd": 0.08347,
    "vas": 0.3914,
    "vendor": "DaytonAudio",
    "xmax": 0.0044
}
