{
    "bl": 10.9,
    "cms": 0.00066,
    "fs": 22.9,
    "le": 0.00055,
    "mms": 0.0732,
    "model": "RS270P-4A",
    "pe": 100.0,
    "qes": 0.34,
    "qms": 1.35,
    "qts": 0.27,
    "re": 3.9,
    "rms": 7.8,
    "sd": 0.03464,
    "vas": 0.1105,
    "vendor": "DaytonAudio",
    "xmax": 0.006
}
