{
    "bl": 9.39,
    "cms": 0.00021,
    "fs": 27.6,
    "le": 0.00077,
    "mms": 0.161,
    "model": "RSS265HO-44",
    "pe": 600.0,
    "qes": 0.5,
    "qms": 4.42,
    "qts": 0.45,
    "re": 1.6,
    "rms": 6.3,
    "sd": 0.03523,
    "vas": 0.0348,
    "vendor": "DaytonAudio",
    "xmax": 0.0133
}
