{
    "bl": 10.7,
    "cms": 0.00068,
    "fs": 35.7,
    "le": 0.00226,
    "mms": 0.0293,
    "model": "DC160-8",
    "pe": 50.0,
    "qes": 0.38,
    "qms": 3.46,
    "qts": 0.34,
    "re": 6.6,
    "rms": 1.9,
    "sd": 0.01348,
    "vas": 0.0179,
    "vendor": "DaytonAudio",
    "xmax": 0.0032
}
