{
    "bl": 10.0,
    "cms": 0.00139,
    "fs": 26.9,
    "le": 0.0007,
    "mms": 0.0252,
    "model": "E220CF-8",
    "pe": 150.0,
    "qes": 0.26,
    "qms": 7.14,
    "qts": 0.25,
    "re": 6.1,
    "rms": 0.6,
    "sd": 0.02164,
    "vas": 0.0914,
    "vendor": "DaytonAudio",
    "xmax": 0.005
}
