{
    "bl": 5.88,
    "cms": 0.00105,
    "fs": 55.2,
    "le": 0.0008,
    "mms": 0.0079,
    "model": "DS115-8",
    "pe": 35.0,
    "qes": 0.46,
    "qms": 2.1,
    "qts": 0.38,
    "re": 5.8,
    "rms": 1.3,
    "sd": 0.00541,
    "vas": 0.00433,
    "vendor": "DaytonAudio",
    "xmax": 0.0041
}
