{
    "bl": 15.6,
    "cms": 0.00029,
    "fs": 29.6,
    "le": 0.00146,
    "mms": 0.0993,
    "model": "RSS210HO-8",
    "pe": 300.0,
    "qes": 0.45,
    "qms": 2.78,
    "qts": 0.39,
    "re": 5.9,
    "rms": 6.6,
    "sd": 0.02132,
    "vas": 0.0187,
    "vendor": "DaytonAudio",
    "xmax": 0.012
}
