{
    "bl": 23.4,
    "cms": 0.00014,
    "fs": 18.8,
    "le": 0.00224,
    "mms": 0.499,
    "model": "RSS460HO-4",
    "pe": 900.0,
    "qes": 0.35,
    "qms": 4.05,
    "qts": 0.32,
    "re": 3.2,
    "rms": 14.6,
    "sd": 0.1164,
    "vas": 0.272,
    "vendor": "DaytonAudio",
    "xmax": 0.0127
}
