{
    "bl": 26.5,
    "cms": 0.00017,
    "fs": 21.5,
    "le": 0.00317,
    "mms": 0.3277,
    "model": "RSS315HO-44",
    "pe": 700.0,
    "qes": 0.41,
    "qms": 3.7,
    "qts": 0.37,
    "re": 6.5,
    "rms": 12.0,
    "sd": 0.05071,
    "vas": 0.0613,
    "vendor": "DaytonAudio",
    "xmax": 0.014
}
