{
    "bl": 9.15,
    "cms": 0.0005,
    "fs": 35.7,
    "le": 0.00143,
    "mms": 0.0395,
    "model": "DCS165-4",
    "pe": 100.0,
    "qes": 0.36,
    "qms": 6.62,
    "qts": 0.34,
    "re": 3.4,
    "rms": 1.3,
    "sd": 0.01247,
    "vas": 0.0121,
    "vendor": "DaytonAudio",
    "xmax": 0.006
}
