{
    "bl": 3.63,
    "cms": 0.00135,
    "fs": 57.2,
    "le": 0.00028,
    "mms": 0.0057,
    "model": "RS125-4",
    "pe": 30.0,
    "qes": 0.45,
    "qms": 2.04,
    "qts": 0.37,
    "re": 2.9,
    "rms": 1.0,
    "sd": 0.00528,
    "vas": 0.00529,
    "vendor": "DaytonAudio",
    "xmax": 0.004
}
