{
    "bl": 3.9,
    "cms": 0.00071,
    "fs": 59.2,
    "le": 0.00079,
    "mms": 0.0101,
    "model": "ND140-4",
    "pe": 40.0,
    "qes": 0.72,
    "qms": 5.35,
    "qts": 0.63,
    "re": 3.7,
    "rms": 0.708,
    "sd": 0.00866,
    "vas": 0.00722,
    "vendor": "DaytonAudio",
    "xmax": 0.004
}
