{
    "bl": 4.1,
    "cms": 0.00162,
    "fs": 45.1,
    "le": 0.00034,
    "mms": 0.0077,
    "model": "RS150-4",
    "pe": 40.0,
    "qes": 0.4,
    "qms": 1.96,
    "qts": 0.33,
    "re": 3.1,
    "rms": 1.1,
    "sd": 0.0085,
    "vas": 0.0164,
    "vendor": "DaytonAudio",
    "xmax": 0.0044
}
