{
    "bl": 12.1,
    "cms": 0.00059,
    "fs": 20.9,
    "le": 0.00057,
    "mms": 0.0986,
    "model": "RS270-4",
    "pe": 100.0,
    "qes": 0.35,
    "qms": 1.33,
    "qts": 0.27,
    "re": 3.9,
    "rms": 9.7,
    "sd": 0.03464,
    "vas": 0.0986,
    "vendor": "DaytonAudio",
    "xmax": 0.006
}
