{
    "bl": 5.08,
    "cms": 0.00102,
    "fs": 70.0,
    "le": 0.00062,
    "mms": 0.0051,
    "model": "RS125P-8",
    "pe": 30.0,
    "qes": 0.53,
    "qms": 2.56,
    "qts": 0.44,
    "re": 6.2,
    "rms": 0.9,
    "sd": 0.00528,
    "vas": 0.00398,
    "vendor": "DaytonAudio",
    "xmax": 0.004
}
