{
    "bl": 4.94,
    "cms": 0.00131,
    "fs": 53.2,
    "le": 0.00045,
    "mms": 0.0069,
    "model": "CF120-4",
    "pe": 30.0,
    "qes": 0.32,
    "qms": 1.89,
    "qts": 0.28,
    "re": 3.4,
    "rms": 1.2,
    "sd": 0.00515,
    "vas": 0.00487,
    "vendor": "DaytonAudio",
    "xmax": 0.0035
}
