{
    "bl": 13.7,
    "cms": 0.00027,
    "fs": 24.2,
    "le": 0.00206,
    "mms": 0.16,
    "model": "DCS305-4",
    "pe": 250.0,
    "qes": 0.43,
    "qms": 5.07,
    "qts": 0.4,
    "re": 3.3,
    "rms": 4.8,
    "sd": 0.04988,
    "vas": 0.0923,
    "vendor": "DaytonAudio",
    "xmax": 0.0093
}
