{
    "bl": 7.28,
    "cms": 0.00105,
    "fs": 37.7,
    "le": 0.00079,
    "mms": 0.017,
    "model": "RS180S-8",
    "pe": 60.0,
    "qes": 0.49,
    "qms": 1.45,
    "qts": 0.36,
    "re": 6.4,
    "rms": 2.8,
    "sd": 0.01247,
    "vas": 0.023,
    "vendor": "DaytonAudio",
    "xmax": 0.006
}
