{
    "bl": 5.69,
    "cms": 0.00122,
    "fs": 59.2,
    "le": 0.00057,
    "mms": 0.0059,
    "model": "RS125-8",
    "pe": 30.0,
    "qes": 0.42,
    "qms": 1.74,
    "qts": 0.34,
    "re": 6.2,
    "rms": 1.3,
    "sd": 0.00528,
    "vas": 0.00477,
    "vendor": "DaytonAudio",
    "xmax": 0.004
}
