{
    "bl": 16.3,
    "cms": 0.00048,
    "fs": 22.9,
    "le": 0.00293,
    "mms": 0.1007,
    "model": "DC300-8",
    "pe": 80.0,
    "qes": 0.37,
    "qms": 3.21,
    "qts": 0.33,
    "re": 6.8,
    "rms": 4.5,
    "sd": 0.04988,
    "vas": 0.1815,
    "vendor": "DaytonAudio",
    "xmax": 0.0043
}
