{
    "bl": 7.16,
    "cms": 0.00098,
    "fs": 45.8,
    "le": 0.00084,
    "mms": 0.0124,
    "model": "RS180P-8",
    "pe": 60.0,
    "qes": 0.44,
    "qms": 1.49,
    "qts": 0.34,
    "re": 6.3,
    "rms": 2.4,
    "sd": 0.01267,
    "vas": 0.022,
    "vendor": "DaytonAudio",
    "xmax": 0.006
}
