{
    "bl": 4.4,
    "cms": 0.00154,
    "fs": 43.7,
    "le": 0.00039,
    "mms": 0.0086,
    "model": "RS150P-4A",
    "pe": 40.0,
    "qes": 0.42,
    "qms": 1.85,
    "qts": 0.34,
    "re": 3.5,
    "rms": 1.3,
    "sd": 0.0085,
    "vas": 0.0157,
    "vendor": "DaytonAudio",
    "xmax": 0.0044
}
