{
    "bl": 9.89,
    "cms": 0.00072,
    "fs": 34.3,
    "le": 0.00125,
    "mms": 0.0297,
    "model": "DS215-8",
    "pe": 80.0,
    "qes": 0.38,
    "qms": 1.75,
    "qts": 0.31,
    "re": 5.8,
    "rms": 3.7,
    "sd": 0.02112,
    "vas": 0.0431,
    "vendor": "DaytonAudio",
    "xmax": 0.0055
}
