{
    "bl": 10.4,
    "cms": 0.00071,
    "fs": 37.0,
    "le": 0.00106,
    "mms": 0.026,
    "model": "DS175-8",
    "pe": 70.0,
    "qes": 0.32,
    "qms": 1.63,
    "qts": 0.27,
    "re": 5.7,
    "rms": 3.7,
    "sd": 0.01287,
    "vas": 0.017,
    "vendor": "DaytonAudio",
    "xmax": 0.0053
}
