{
    "bl": 8.5,
    "cms": 0.00107,
    "fs": 31.6,
    "le": 0.00102,
    "mms": 0.0236,
    "model": "RS225P-8A",
    "pe": 80.0,
    "qes": 0.46,
    "qms": 1.25,
    "qts": 0.34,
    "re": 7.1,
    "rms": 3.7,
    "sd": 0.02138,
    "vas": 0.0688,
    "vendor": "DaytonAudio",
    "xmax": 0.007
}
