{
    "bl": 11.43,
    "cms": 0.00032,
    "fs": 25.6,
    "le": 0.00096,
    "mms": 0.12,
    "model": "RSS265HF-4",
    "pe": 350.0,
    "qes": 0.53,
    "qms": 3.06,
    "qts": 0.45,
    "re": 3.5,
    "rms": 6.3,
    "sd": 0.03563,
    "vas": 0.054,
    "vendor": "DaytonAudio",
    "xmax": 0.0123
}
