{
    "bl": 4.71,
    "cms": 0.00097,
    "fs": 38.4,
    "le": 0.00045,
    "mms": 0.0178,
    "model": "RS180-4",
    "pe": 60.0,
    "qes": 0.59,
    "qms": 2.13,
    "qts": 0.46,
    "re": 3.1,
    "rms": 2.0,
    "sd": 0.01247,
    "vas": 0.0212,
    "vendor": "DaytonAudio",
    "xmax": 0.006
}
