{
    "bl": 5.71,
    "cms": 0.00113,
    "fs": 50.5,
    "le": 0.00082,
    "mms": 0.0088,
    "model": "DC130BS-8",
    "pe": 30.0,
    "qes": 0.49,
    "qms": 1.82,
    "qts": 0.39,
    "re": 5.8,
    "rms": 1.5,
    "sd": 0.00916,
    "vas": 0.0138,
    "vendor": "DaytonAudio",
    "xmax": 0.0025
}
