{
    "bl": 7.68,
    "cms": 0.00088,
    "fs": 30.9,
    "le": 0.00089,
    "mms": 0.03,
    "model": "DC160S-4",
    "pe": 50.0,
    "qes": 0.34,
    "qms": 2.61,
    "qts": 0.3,
    "re": 3.5,
    "rms": 2.2,
    "sd": 0.01368,
    "vas": 0.0232,
    "vendor": "DaytonAudio",
    "xmax": 0.0034
}
