{
    "bl": 5.59,
    "cms": 0.00163,
    "fs": 47.8,
    "le": 0.00055,
    "mms": 0.0074,
    "model": "RS150-8",
    "pe": 40.0,
    "qes": 0.43,
    "qms": 1.66,
    "qts": 0.34,
    "re": 6.3,
    "rms": 1.3,
    "sd": 0.0085,
    "vas": 0.0166,
    "vendor": "DaytonAudio",
    "xmax": 0.004
}
