{
    "bl": 8.03,
    "cms": 0.0011,
    "fs": 26.9,
    "le": 0.00094,
    "mms": 0.0305,
    "model": "RS225S-8",
    "pe": 80.0,
    "qes": 0.53,
    "qms": 1.42,
    "qts": 0.38,
    "re": 6.4,
    "rms": 3.63,
    "sd": 0.02164,
    "vas": 0.0753,
    "vendor": "DaytonAudio",
    "xmax": 0.007
}
