{
    "bl": 17.6,
    "cms": 0.00017,
    "fs": 26.9,
    "le": 0.00174,
    "mms": 0.201,
    "model": "RSS265HO-4",
    "pe": 600.0,
    "qes": 0.39,
    "qms": 4.02,
    "qts": 0.35,
    "re": 3.5,
    "rms": 8.5,
    "sd": 0.03497,
    "vas": 0.0294,
    "vendor": "DaytonAudio",
    "xmax": 0.0123
}
