{
    "bl": 4.67,
    "cms": 0.00121,
    "fs": 37.7,
    "le": 0.00047,
    "mms": 0.0148,
    "model": "RS180P-4",
    "pe": 60.0,
    "qes": 0.48,
    "qms": 1.98,
    "qts": 0.39,
    "re": 3.1,
    "rms": 1.8,
    "sd": 0.01267,
    "vas": 0.0273,
    "vendor": "DaytonAudio",
    "xmax": 0.006
}
