{
    "bl": 16.1,
    "cms": 0.00038,
    "fs": 24.23,
    "le": 0.00111,
    "mms": 0.1131,
    "model": "DSA315-8",
    "pe": 120.0,
    "qes": 0.4,
    "qms": 1.89,
    "qts": 0.33,
    "re": 6.0,
    "rms": 9.1,
    "sd": 0.05067,
    "vas": 0.147,
    "vendor": "DaytonAudio",
    "xmax": 0.0055
}
