{
    "bl": 12.64,
    "cms": 0.00061,
    "fs": 24.9,
    "le": 0.00263,
    "mms": 0.0675,
    "model": "DC250-8",
    "pe": 70.0,
    "qes": 0.44,
    "qms": 3.16,
    "qts": 0.38,
    "re": 6.6,
    "rms": 3.3,
    "sd": 0.03431,
    "vas": 0.104,
    "vendor": "DaytonAudio",
    "xmax": 0.0045
}
