{
    "bl": 10.1,
    "cms": 0.00064,
    "fs": 27.8,
    "le": 0.0012,
    "mms": 0.0513,
    "model": "DA270-8",
    "pe": 80.0,
    "qes": 0.55,
    "qms": 1.95,
    "qts": 0.43,
    "re": 6.3,
    "rms": 4.6,
    "sd": 0.03464,
    "vas": 0.1085,
    "vendor": "DaytonAudio",
    "xmax": 0.0061
}
