{
    "bl": 7.7,
    "cms": 0.00062,
    "fs": 31.0,
    "le": 0.00116,
    "mms": 0.0424,
    "model": "SD215A-88",
    "pe": 80.0,
    "qes": 0.45,
    "qms": 3.1,
    "qts": 0.39,
    "re": 3.2,
    "rms": 2.7,
    "sd": 0.02087,
    "vas": 0.0382,
    "vendor": "DaytonAudio",
    "xmax": 0.006
}
