{
    "bl": 5.44,
    "cms": 0.00084,
    "fs": 66.6,
    "le": 0.00125,
    "mms": 0.0068,
    "model": "ND105-8",
    "pe": 30.0,
    "qes": 0.74,
    "qms": 5.57,
    "qts": 0.66,
    "re": 7.7,
    "rms": 0.511,
    "sd": 0.00515,
    "vas": 0.00297,
    "vendor": "DaytonAudio",
    "xmax": 0.004
}
