{
    "bl": 14.2,
    "cms": 0.00014,
    "fs": 26.2,
    "le": 0.00125,
    "mms": 0.27,
    "model": "UM12-22",
    "pe": 600.0,
    "qes": 0.71,
    "qms": 3.62,
    "qts": 0.59,
    "re": 3.2,
    "rms": 12.3,
    "sd": 0.04909,
    "vas": 0.0468,
    "vendor": "DaytonAudio",
    "xmax": 0.019
}
