{
    "bl": 5.83,
    "cms": 0.0008,
    "fs": 57.2,
    "le": 0.00084,
    "mms": 0.0097,
    "model": "DC130AS-8",
    "pe": 30.0,
    "qes": 0.58,
    "qms": 2.01,
    "qts": 0.45,
    "re": 5.6,
    "rms": 1.7,
    "sd": 0.00916,
    "vas": 0.00973,
    "vendor": "DaytonAudio",
    "xmax": 0.0025
}
