{
    "bl": 9.05,
    "cms": 0.00088,
    "fs": 28.3,
    "le": 0.00086,
    "mms": 0.0358,
    "model": "RS225-8",
    "pe": 80.0,
    "qes": 0.51,
    "qms": 1.46,
    "qts": 0.38,
    "re": 6.5,
    "rms": 4.4,
    "sd": 0.02138,
    "vas": 0.0568,
    "vendor": "DaytonAudio",
    "xmax": 0.007
}
