{
    "bl": 9.1,
    "cms": 0.00033,
    "fs": 31.6,
    "le": 0.00114,
    "mms": 0.0745,
    "model": "UM8-22",
    "pe": 300.0,
    "qes": 0.75,
    "qms": 2.51,
    "qts": 0.58,
    "re": 4.2,
    "rms": 5.9,
    "sd": 0.02112,
    "vas": 0.0213,
    "vendor": "DaytonAudio",
    "xmax": 0.016
}
