{
    "bl": 6.4,
    "cms": 0.00071,
    "fs": 37.7,
    "le": 0.00051,
    "mms": 0.025,
    "model": "RS225P-4A",
    "pe": 80.0,
    "qes": 0.48,
    "qms": 1.85,
    "qts": 0.38,
    "re": 3.3,
    "rms": 3.2,
    "sd": 0.02138,
    "vas": 0.0458,
    "vendor": "DaytonAudio",
    "xmax": 0.006
}
