{
    "bl": 14.5,
    "cms": 0.00015,
    "fs": 26.9,
    "le": 0.00128,
    "mms": 0.227,
    "model": "UM10-22",
    "pe": 500.0,
    "qes": 0.59,
    "qms": 3.08,
    "qts": 0.49,
    "re": 3.2,
    "rms": 12.5,
    "sd": 0.03278,
    "vas": 0.0235,
    "vendor": "DaytonAudio",
    "xmax": 0.019
}
