{
    "bl": 10.0,
    "cms": 0.00068,
    "fs": 34.9,
    "le": 0.00144,
    "mms": 0.0303,
    "model": "DA215-8",
    "pe": 60.0,
    "qes": 0.45,
    "qms": 1.95,
    "qts": 0.37,
    "re": 6.8,
    "rms": 3.4,
    "sd": 0.02112,
    "vas": 0.0427,
    "vendor": "DaytonAudio",
    "xmax": 0.0053
}
