{
    "bl": 5.44,
    "cms": 0.00094,
    "fs": 63.25,
    "le": 0.00063,
    "mms": 0.0067,
    "model": "DSA115-8",
    "pe": 35.0,
    "qes": 0.53,
    "qms": 2.0,
    "qts": 0.42,
    "re": 5.9,
    "rms": 1.3,
    "sd": 0.00541,
    "vas": 0.00396,
    "vendor": "DaytonAudio",
    "xmax": 0.0041
}
