{
    "bl": 10.6,
    "cms": 0.00024,
    "fs": 50.5,
    "le": 0.00149,
    "mms": 0.0423,
    "model": "PA255-8",
    "pe": 300.0,
    "qes": 0.66,
    "qms": 8.49,
    "qts": 0.61,
    "re": 5.5,
    "rms": 1.6,
    "sd": 0.03464,
    "vas": 0.0412,
    "vendor": "DaytonAudio",
    "xmax": 0.005
}
