{
    "bl": 5.04,
    "cms": 0.00087,
    "fs": 76.0,
    "le": 0.00058,
    "mms": 0.0051,
    "model": "RS125T-8",
    "pe": 30.0,
    "qes": 0.61,
    "qms": 2.62,
    "qts": 0.5,
    "re": 6.4,
    "rms": 0.9,
    "sd": 0.00541,
    "vas": 0.00356,
    "vendor": "DaytonAudio",
    "xmax": 0.0028
}
