{
    "bl": 7.8,
    "cms": 0.00064,
    "fs": 26.2,
    "le": 0.00112,
    "mms": 0.0577,
    "model": "SD270A-88",
    "pe": 80.0,
    "qes": 0.5,
    "qms": 3.23,
    "qts": 0.43,
    "re": 3.16,
    "rms": 2.9,
    "sd": 0.03464,
    "vas": 0.1075,
    "vendor": "DaytonAudio",
    "xmax": 0.006
}
