{
    "bl": 7.17,
    "cms": 0.00066,
    "fs": 39.0,
    "le": 0.00114,
    "mms": 0.0252,
    "model": "DA175-8",
    "pe": 50.0,
    "qes": 0.7,
    "qms": 3.31,
    "qts": 0.58,
    "re": 5.9,
    "rms": 1.9,
    "sd": 0.01327,
    "vas": 0.0163,
    "vendor": "DaytonAudio",
    "xmax": 0.0043
}
