{
    "bl": 6.1,
    "cms": 0.00081,
    "fs": 37.0,
    "le": 0.00045,
    "mms": 0.0228,
    "model": "RS225P-4",
    "pe": 80.0,
    "qes": 0.44,
    "qms": 1.73,
    "qts": 0.35,
    "re": 3.1,
    "rms": 3.1,
    "sd": 0.02138,
    "vas": 0.0521,
    "vendor": "DaytonAudio",
    "xmax": 0.006
}
