{
    "bl": 5.7,
    "cms": 0.00142,
    "fs": 46.4,
    "le": 0.00061,
    "mms": 0.0083,
    "model": "RS150T-8",
    "pe": 40.0,
    "qes": 0.47,
    "qms": 1.67,
    "qts": 0.37,
    "re": 6.2,
    "rms": 1.4,
    "sd": 0.0085,
    "vas": 0.0144,
    "vendor": "DaytonAudio",
    "xmax": 0.004
}
