{
    "bl": 15.0,
    "cms": 0.00022,
    "fs": 19.5,
    "le": 0.00092,
    "mms": 0.306,
    "model": "RSS390HF-4",
    "pe": 500.0,
    "qes": 0.5,
    "qms": 3.02,
    "qts": 0.43,
    "re": 3.0,
    "rms": 12.4,
    "sd": 0.08296,
    "vas": 0.212,
    "vendor": "DaytonAudio",
    "xmax": 0.014
}
