{
    "bl": 6.52,
    "cms": 0.0003,
    "fs": 62.6,
    "le": 0.00086,
    "mms": 0.0219,
    "model": "LW150-4",
    "pe": 40.0,
    "qes": 0.72,
    "qms": 6.01,
    "qts": 0.64,
    "re": 3.6,
    "rms": 1.4,
    "sd": 0.00916,
    "vas": 0.00349,
    "vendor": "DaytonAudio",
    "xmax": 0.004
}
