{
    "bl": 4.8,
    "cms": 0.00108,
    "fs": 51.8,
    "le": 0.0005,
    "mms": 0.0088,
    "model": "DC130BS-4",
    "pe": 30.0,
    "qes": 0.44,
    "qms": 1.86,
    "qts": 0.35,
    "re": 3.55,
    "rms": 1.5,
    "sd": 0.00933,
    "vas": 0.0132,
    "vendor": "DaytonAudio",
    "xmax": 0.0025
}
