{
    "bl": 13.0,
    "cms": 0.00066,
    "fs": 22.9,
    "le": 0.00088,
    "mms": 0.0732,
    "model": "RS270P-8A",
    "pe": 100.0,
    "qes": 0.42,
    "qms": 1.33,
    "qts": 0.32,
    "re": 6.8,
    "rms": 7.9,
    "sd": 0.03464,
    "vas": 0.1105,
    "vendor": "DaytonAudio",
    "xmax": 0.006
}
