{
    "bl": 6.15,
    "cms": 0.00141,
    "fs": 46.4,
    "le": 0.00073,
    "mms": 0.0084,
    "model": "PS220-8",
    "pe": 40.0,
    "qes": 0.4,
    "qms": 5.73,
    "qts": 0.38,
    "re": 6.2,
    "rms": 0.4,
    "sd": 0.02164,
    "vas": 0.0902,
    "vendor": "DaytonAudio",
    "xmax": 0.0048
}
