{
    "bl": 6.23,
    "cms": 0.00095,
    "fs": 52.5,
    "le": 0.00084,
    "mms": 0.0097,
    "model": "DS135-8",
    "pe": 50.0,
    "qes": 0.48,
    "qms": 2.02,
    "qts": 0.39,
    "re": 5.9,
    "rms": 1.6,
    "sd": 0.00754,
    "vas": 0.00727,
    "vendor": "DaytonAudio",
    "xmax": 0.0048
}
