{
    "bl": 10.3,
    "cms": 0.00057,
    "fs": 29.6,
    "le": 0.00093,
    "mms": 0.0505,
    "model": "RS270-8",
    "pe": 100.0,
    "qes": 0.61,
    "qms": 2.08,
    "qts": 0.47,
    "re": 6.8,
    "rms": 4.5,
    "sd": 0.03464,
    "vas": 0.0965,
    "vendor": "DaytonAudio",
    "xmax": 0.0066
}
