{
    "bl": 25.8,
    "cms": 0.00017,
    "fs": 31.6,
    "le": 0.00412,
    "mms": 0.147,
    "model": "PA380-8",
    "pe": 500.0,
    "qes": 0.27,
    "qms": 12.2,
    "qts": 0.27,
    "re": 6.3,
    "rms": 2.4,
    "sd": 0.0845,
    "vas": 0.175,
    "vendor": "DaytonAudio",
    "xmax": 0.005
}
