{
    "bl": 7.4,
    "cms": 0.00071,
    "fs": 59.2,
    "le": 0.0019,
    "mms": 0.0102,
    "model": "TCP115-8",
    "pe": 40.0,
    "qes": 0.54,
    "qms": 2.3,
    "qts": 0.43,
    "re": 7.8,
    "rms": 1.6,
    "sd": 0.005,
    "vas": 0.00252,
    "vendor": "DaytonAudio",
    "xmax": 0.004
}
