{
    "bl": 9.75,
    "cms": 0.00071,
    "fs": 38.36,
    "le": 0.00085,
    "mms": 0.0242,
    "model": "DSA175-8",
    "pe": 70.0,
    "qes": 0.35,
    "qms": 1.66,
    "qts": 0.29,
    "re": 5.8,
    "rms": 3.5,
    "sd": 0.01287,
    "vas": 0.0187,
    "vendor": "DaytonAudio",
    "xmax": 0.0053
}
