{
    "bl": 21.7,
    "cms": 0.00013,
    "fs": 33.7,
    "le": 0.00534,
    "mms": 0.166,
    "model": "LS12-44",
    "pe": 250.0,
    "qes": 0.56,
    "qms": 4.95,
    "qts": 0.51,
    "re": 7.5,
    "rms": 7.1,
    "sd": 0.05473,
    "vas": 0.0566,
    "vendor": "DaytonAudio",
    "xmax": 0.01
}
