{
    "bl": 16.8,
    "cms": 0.00014,
    "fs": 26.2,
    "le": 0.00323,
    "mms": 0.273,
    "model": "DCS450-4",
    "pe": 300.0,
    "qes": 0.48,
    "qms": 4.98,
    "qts": 0.44,
    "re": 3.0,
    "rms": 9.0,
    "sd": 0.11341,
    "vas": 0.248,
    "vendor": "DaytonAudio",
    "xmax": 0.0083
}
