{
    "bl": 6.05,
    "cms": 0.00076,
    "fs": 56.5,
    "le": 0.00144,
    "mms": 0.0104,
    "model": "ND140-8",
    "pe": 40.0,
    "qes": 0.79,
    "qms": 5.01,
    "qts": 0.68,
    "re": 7.8,
    "rms": 0.74,
    "sd": 0.00866,
    "vas": 0.00774,
    "vendor": "DaytonAudio",
    "xmax": 0.004
}
