{
    "bl": 12.0,
    "cms": 0.00029,
    "fs": 29.6,
    "le": 0.00099,
    "mms": 0.0993,
    "model": "RSS210HO-4",
    "pe": 300.0,
    "qes": 0.46,
    "qms": 3.33,
    "qts": 0.4,
    "re": 3.6,
    "rms": 5.5,
    "sd": 0.02138,
    "vas": 0.0187,
    "vendor": "DaytonAudio",
    "xmax": 0.011
}
