{
    "bl": 15.4,
    "cms": 0.00024,
    "fs": 19.5,
    "le": 0.00131,
    "mms": 0.2794,
    "model": "UM15-22",
    "pe": 800.0,
    "qes": 0.59,
    "qms": 2.4,
    "qts": 0.47,
    "re": 3.4,
    "rms": 14.3,
    "sd": 0.08146,
    "vas": 0.2243,
    "vendor": "DaytonAudio",
    "xmax": 0.019
}
