{
    "bl": 7.7,
    "cms": 0.0011,
    "fs": 53.2,
    "le": 0.00068,
    "mms": 0.0082,
    "model": "PM180-8",
    "pe": 30.0,
    "qes": 0.3,
    "qms": 4.13,
    "qts": 0.28,
    "re": 6.4,
    "rms": 0.7,
    "sd": 0.01307,
    "vas": 0.028,
    "vendor": "DaytonAudio",
    "xmax": 0.0046
}
