{
    "bl": 13.99,
    "cms": 0.00023,
    "fs": 24.2,
    "le": 0.00096,
    "mms": 0.188,
    "model": "RSS315HF-4",
    "pe": 400.0,
    "qes": 0.45,
    "qms": 2.83,
    "qts": 0.39,
    "re": 3.1,
    "rms": 10.1,
    "sd": 0.05147,
    "vas": 0.0841,
    "vendor": "DaytonAudio",
    "xmax": 0.0143
}
