{
    "bl": 5.94,
    "cms": 0.00101,
    "fs": 52.5,
    "le": 0.00077,
    "mms": 0.0091,
    "model": "DC130B-8",
    "pe": 40.0,
    "qes": 0.48,
    "qms": 1.85,
    "qts": 0.38,
    "re": 5.7,
    "rms": 1.6,
    "sd": 0.00916,
    "vas": 0.0124,
    "vendor": "DaytonAudio",
    "xmax": 0.0025
}
