{
    "bl": 21.1,
    "cms": 0.00016,
    "fs": 34.3,
    "le": 0.00525,
    "mms": 0.132,
    "model": "LS10-44",
    "pe": 250.0,
    "qes": 0.47,
    "qms": 5.15,
    "qts": 0.43,
    "re": 7.4,
    "rms": 5.5,
    "sd": 0.03664,
    "vas": 0.0308,
    "vendor": "DaytonAudio",
    "xmax": 0.01
}
