{
    "bl": 15.0,
    "cms": 0.00031,
    "fs": 24.9,
    "le": 0.00157,
    "mms": 0.131,
    "model": "RSS265HF-8",
    "pe": 350.0,
    "qes": 0.59,
    "qms": 2.68,
    "qts": 0.49,
    "re": 6.5,
    "rms": 7.6,
    "sd": 0.03464,
    "vas": 0.0525,
    "vendor": "DaytonAudio",
    "xmax": 0.0143
}
