{
    "bl": 19.8,
    "cms": 0.00017,
    "fs": 21.5,
    "le": 0.00179,
    "mms": 0.319,
    "model": "RSS390HO-4",
    "pe": 800.0,
    "qes": 0.35,
    "qms": 3.69,
    "qts": 0.32,
    "re": 3.2,
    "rms": 11.7,
    "sd": 0.08296,
    "vas": 0.168,
    "vendor": "DaytonAudio",
    "xmax": 0.012
}
