{
    "bl": 7.21,
    "cms": 0.00098,
    "fs": 49.1,
    "le": 0.0008,
    "mms": 0.0107,
    "model": "PM220-8",
    "pe": 40.0,
    "qes": 0.41,
    "qms": 5.08,
    "qts": 0.38,
    "re": 6.5,
    "rms": 0.6,
    "sd": 0.02053,
    "vas": 0.063,
    "vendor": "DaytonAudio",
    "xmax": 0.0046
}
