{
    "bl": 10.7,
    "cms": 0.00042,
    "fs": 32.3,
    "le": 0.00178,
    "mms": 0.0577,
    "model": "DCS205-4",
    "pe": 150.0,
    "qes": 0.4,
    "qms": 6.28,
    "qts": 0.37,
    "re": 3.9,
    "rms": 1.9,
    "sd": 0.02138,
    "vas": 0.027,
    "vendor": "DaytonAudio",
    "xmax": 0.0088
}
