{
    "bl": 18.0,
    "cms": 0.00023,
    "fs": 39.0,
    "le": 0.00168,
    "mms": 0.0728,
    "model": "PA310-8",
    "pe": 450.0,
    "qes": 0.3,
    "qms": 8.85,
    "qts": 0.29,
    "re": 5.5,
    "rms": 2.0,
    "sd": 0.05309,
    "vas": 0.0918,
    "vendor": "DaytonAudio",
    "xmax": 0.005
}
