{
    "bl": 6.82,
    "cms": 0.00105,
    "fs": 58.5,
    "le": 0.00063,
    "mms": 0.007,
    "model": "PS180-8",
    "pe": 30.0,
    "qes": 0.36,
    "qms": 3.64,
    "qts": 0.33,
    "re": 6.4,
    "rms": 0.7,
    "sd": 0.01327,
    "vas": 0.0276,
    "vendor": "DaytonAudio",
    "xmax": 0.0046
}
