{
    "bl": 20.0,
    "cms": 0.00015,
    "fs": 26.2,
    "le": 0.00175,
    "mms": 0.251,
    "model": "RSS315HO-4",
    "pe": 700.0,
    "qes": 0.33,
    "qms": 3.63,
    "qts": 0.31,
    "re": 3.2,
    "rms": 11.4,
    "sd": 0.05147,
    "vas": 0.0537,
    "vendor": "DaytonAudio",
    "xmax": 0.0123
}
