{
    "bl": 6.22,
    "cms": 0.00099,
    "fs": 51.81,
    "le": 0.00078,
    "mms": 0.0095,
    "model": "DSA135-8",
    "pe": 50.0,
    "qes": 0.47,
    "qms": 2.04,
    "qts": 0.38,
    "re": 5.9,
    "rms": 1.5,
    "sd": 0.00754,
    "vas": 0.00793,
    "vendor": "DaytonAudio",
    "xmax": 0.0049
}
