{
    "bl": 18.0,
    "cms": 0.00027,
    "fs": 22.2,
    "le": 0.00156,
    "mms": 0.194,
    "model": "RSS315HFA-8",
    "pe": 400.0,
    "qes": 0.54,
    "qms": 2.5,
    "qts": 0.45,
    "re": 6.5,
    "rms": 10.8,
    "sd": 0.05067,
    "vas": 0.0972,
    "vendor": "DaytonAudio",
    "xmax": 0.0143
}
