{
    "bl": 9.5,
    "cms": 0.00077,
    "fs": 30.3,
    "le": 0.00232,
    "mms": 0.0361,
    "model": "DC200-8",
    "pe": 60.0,
    "qes": 0.49,
    "qms": 3.06,
    "qts": 0.42,
    "re": 6.41,
    "rms": 2.2,
    "sd": 0.02112,
    "vas": 0.0457,
    "vendor": "DaytonAudio",
    "xmax": 0.0045
}
