{
    "bl": 5.88,
    "cms": 0.00096,
    "fs": 53.2,
    "le": 0.00075,
    "mms": 0.0093,
    "model": "DC130A-8",
    "pe": 40.0,
    "qes": 0.51,
    "qms": 1.9,
    "qts": 0.41,
    "re": 5.7,
    "rms": 1.6,
    "sd": 0.00916,
    "vas": 0.0118,
    "vendor": "DaytonAudio",
    "xmax": 0.0025
}
