{
    "bl": 8.5,
    "cms": 0.0007,
    "fs": 41.7,
    "le": 0.00103,
    "mms": 0.0209,
    "model": "ES140TiA-8",
    "pe": 100.0,
    "qes": 0.5,
    "qms": 5.84,
    "qts": 0.46,
    "re": 6.6,
    "rms": 0.9,
    "sd": 0.00985,
    "vas": 0.0095,
    "vendor": "DaytonAudio",
    "xmax": 0.005
}
