{
    "bl": 5.2,
    "cms": 0.00088,
    "fs": 53.8,
    "le": 0.00097,
    "mms": 0.0099,
    "model": "TCP115-4",
    "pe": 40.0,
    "qes": 0.4,
    "qms": 3.14,
    "qts": 0.35,
    "re": 3.2,
    "rms": 1.1,
    "sd": 0.00503,
    "vas": 0.0031,
    "vendor": "DaytonAudio",
    "xmax": 0.004
}
