{
    "bl": 11.2,
    "cms": 0.00049,
    "fs": 29.61,
    "le": 0.00107,
    "mms": 0.0596,
    "model": "DSA270-8",
    "pe": 100.0,
    "qes": 0.47,
    "qms": 2.09,
    "qts": 0.39,
    "re": 5.4,
    "rms": 5.3,
    "sd": 0.0353,
    "vas": 0.0881,
    "vendor": "DaytonAudio",
    "xmax": 0.0055
}
