{
    "bl": 12.4,
    "cms": 0.00029,
    "fs": 21.5,
    "le": 0.00231,
    "mms": 0.19,
    "model": "DCS380-4",
    "pe": 250.0,
    "qes": 0.49,
    "qms": 3.79,
    "qts": 0.44,
    "re": 2.9,
    "rms": 6.8,
    "sd": 0.08194,
    "vas": 0.267,
    "vendor": "DaytonAudio",
    "xmax": 0.0084
}
