{
    "bl": 12.6,
    "cms": 0.00019,
    "fs": 37.7,
    "le": 0.0018,
    "mms": 0.0955,
    "model": "DCS255-4",
    "pe": 200.0,
    "qes": 0.5,
    "qms": 7.42,
    "qts": 0.46,
    "re": 3.45,
    "rms": 3.0,
    "sd": 0.03464,
    "vas": 0.0321,
    "vendor": "DaytonAudio",
    "xmax": 0.0083
}
