{
    "bl": 15.6,
    "cms": 0.00044,
    "fs": 24.2,
    "le": 0.00143,
    "mms": 0.0974,
    "model": "DS315-8",
    "pe": 120.0,
    "qes": 0.37,
    "qms": 1.79,
    "qts": 0.31,
    "re": 6.1,
    "rms": 8.3,
    "sd": 0.05067,
    "vas": 0.159,
    "vendor": "DaytonAudio",
    "xmax": 0.0055
}
