{
    "bl": 9.8,
    "cms": 0.00084,
    "fs": 33.7,
    "le": 0.00113,
    "mms": 0.0268,
    "model": "ES180TiA-8",
    "pe": 100.0,
    "qes": 0.44,
    "qms": 4.9,
    "qts": 0.4,
    "re": 7.4,
    "rms": 1.2,
    "sd": 0.01327,
    "vas": 0.0207,
    "vendor": "DaytonAudio",
    "xmax": 0.0053
}
