{
    "bl": 5.32,
    "cms": 0.00093,
    "fs": 56.5,
    "le": 0.00097,
    "mms": 0.0085,
    "model": "DA135-8",
    "pe": 30.0,
    "qes": 0.68,
    "qms": 2.61,
    "qts": 0.54,
    "re": 6.4,
    "rms": 1.2,
    "sd": 0.00754,
    "vas": 0.0074,
    "vendor": "DaytonAudio",
    "xmax": 0.003
}
