{
    "bl": 9.28,
    "cms": 0.0004,
    "fs": 55.2,
    "le": 0.00109,
    "mms": 0.0205,
    "model": "PA200-8",
    "pe": 250.0,
    "qes": 0.51,
    "qms": 6.17,
    "qts": 0.48,
    "re": 6.2,
    "rms": 1.2,
    "sd": 0.02104,
    "vas": 0.0266,
    "vendor": "DaytonAudio",
    "xmax": 0.003
}
