{
    "bl": 3.59,
    "cms": 0.00081,
    "fs": 94.0,
    "le": 0.000247,
    "mms": 0.0036,
    "model": "SLS-65S25PR03-04",
    "pe": 10.0,
    "qes": 0.609,
    "qms": 5.81,
    "qts": 0.55,
    "re": 3.8,
    "rms": 0.36134,
    "sd": 0.00899,
    "vas": 0.00221,
    "vcd": 25.7,
    "vendor": "Peerless",
    "xmax": 0.0043
}
