{
    "bl": 6.3,
    "cms": 0.00036,
    "fs": 89.0,
    "le": 0.000554,
    "mms": 0.0088,
    "model": "TPY05W08O0088",
    "pe": 30.0,
    "qes": 0.732,
    "qms": 3.06,
    "qts": 0.59,
    "re": 5.9,
    "rms": 1.61665,
    "sd": 0.00899,
    "vas": 0.00415,
    "vcd": 25.7,
    "vendor": "Peerless",
    "xmax": 0.0055
}
