{
    "bl": 4.57,
    "cms": 0.00069,
    "fs": 60.0,
    "le": 0.000273,
    "mms": 0.0204,
    "model": "SDS-135F25CP05-04",
    "pe": 40.0,
    "qes": 0.63,
    "qms": 3.75,
    "qts": 0.54,
    "re": 3.4,
    "rms": 1.44997,
    "sd": 0.00866,
    "vas": 0.00737,
    "vcd": 25.7,
    "vendor": "Peerless",
    "xmax": 0.0055
}
