{
    "bl": 6.19,
    "cms": 0.00048,
    "fs": 56.0,
    "le": 0.000306,
    "mms": 0.017,
    "model": "SLS-P830945",
    "pe": 80.0,
    "qes": 0.441,
    "qms": 4.36,
    "qts": 0.4,
    "re": 2.8,
    "rms": 1.36495,
    "sd": 0.00833,
    "vas": 0.00468,
    "vcd": 32.4,
    "vendor": "Peerless",
    "xmax": 0.007
}
