{
    "bl": 8.42,
    "cms": 0.00047,
    "fs": 37.0,
    "le": 0.000269,
    "mms": 0.0391,
    "model": "NE225W-04",
    "pe": 125.0,
    "qes": 0.386,
    "qms": 10.3,
    "qts": 0.37,
    "re": 3.0,
    "rms": 0.88553,
    "sd": 0.0227,
    "vas": 0.0344,
    "vcd": 51.3,
    "vendor": "Peerless",
    "xmax": 0.0103
}
