{
    "bl": 7.2,
    "cms": 0.00037,
    "fs": 58.0,
    "le": 0.00106,
    "mms": 0.0204,
    "model": "SDS-135F25CP02-04",
    "pe": 50.0,
    "qes": 0.447,
    "qms": 3.68,
    "qts": 0.4,
    "re": 3.1,
    "rms": 2.01775,
    "sd": 0.00866,
    "vas": 0.00394,
    "vcd": 25.7,
    "vendor": "Peerless",
    "xmax": 0.0072
}
