{
    "bl": 8.33,
    "cms": 0.00033,
    "fs": 46.0,
    "le": 0.000829,
    "mms": 0.0364,
    "model": "SLS-P830667",
    "pe": 90.0,
    "qes": 0.836,
    "qms": 7.21,
    "qts": 0.75,
    "re": 5.6,
    "rms": 1.45666,
    "sd": 0.0201,
    "vas": 0.019,
    "vcd": 38.4,
    "vendor": "Peerless",
    "xmax": 0.0111
}
