{
    "bl": 13.3,
    "cms": 0.00015,
    "fs": 62.0,
    "le": 0.000696,
    "mms": 0.0453,
    "model": "FSL-1020R03-08",
    "pe": 167.0,
    "qes": 0.588,
    "qms": 8.67,
    "qts": 0.55,
    "re": 5.9,
    "rms": 2.0044,
    "sd": 0.0543,
    "vas": 0.0611,
    "vcd": 50.5,
    "vendor": "Peerless",
    "xmax": 0.0051,
    "xmech": 0.019
}
