{
    "bl": 5.24,
    "cms": 0.00091,
    "fs": 66.0,
    "le": 0.000343,
    "mms": 0.0063,
    "model": "SDS-P830855",
    "pe": 30.0,
    "qes": 0.539,
    "qms": 4.56,
    "qts": 0.48,
    "re": 5.6,
    "rms": 0.57701,
    "sd": 0.00503,
    "vas": 0.00326,
    "vcd": 25.8,
    "vendor": "Peerless",
    "xmax": 0.005
}
