{
    "bl": 5.74,
    "cms": 0.00056,
    "fs": 72.0,
    "le": 0.000278,
    "mms": 0.0089,
    "model": "HDS-P830860",
    "pe": 30.0,
    "qes": 0.725,
    "qms": 2.08,
    "qts": 0.54,
    "re": 6.0,
    "rms": 1.91447,
    "sd": 0.00899,
    "vas": 0.00636,
    "vcd": 25.7,
    "vendor": "Peerless",
    "xmax": 0.0055
}
