{
    "bl": 5.09,
    "cms": 0.00057,
    "fs": 78.0,
    "le": 8.2e-05,
    "mms": 0.0072,
    "model": "NCP-1540R01-08",
    "pe": 35.0,
    "qes": 0.46,
    "qms": 5.49,
    "qts": 0.43,
    "re": 3.4,
    "rms": 0.64872,
    "sd": 0.00541,
    "vas": 0.00238,
    "vcd": 32.4,
    "vendor": "Peerless",
    "xmax": 0.0043
}
