{
    "bl": 5.04,
    "cms": 0.00035,
    "fs": 90.0,
    "le": 0.000381,
    "mms": 0.0089,
    "model": "TPY05W04O0089",
    "pe": 25.0,
    "qes": 0.743,
    "qms": 3.47,
    "qts": 0.61,
    "re": 3.8,
    "rms": 1.45485,
    "sd": 0.00899,
    "vas": 0.00404,
    "vcd": 25.7,
    "vendor": "Peerless",
    "xmax": 0.0045
}
