{
    "bl": 24.3,
    "cms": 3.6e-05,
    "fs": 31.0,
    "le": 0.00282,
    "mms": 0.738,
    "model": "STW-350F188PR01-04",
    "pe": 2500.0,
    "qes": 0.742,
    "qms": 13.7,
    "qts": 0.7,
    "re": 3.1,
    "rms": 10.45096,
    "sd": 0.0775,
    "vas": 0.0306,
    "vcd": 188.0,
    "vendor": "Peerless",
    "xmax": 0.0224
}
