{
    "bl": 11.5,
    "cms": 0.00045,
    "fs": 22.0,
    "le": 0.00105,
    "mms": 0.121,
    "model": "NE315W-04",
    "pe": 150.0,
    "qes": 0.357,
    "qms": 15.0,
    "qts": 0.35,
    "re": 2.9,
    "rms": 1.09319,
    "sd": 0.0507,
    "vas": 0.162,
    "vcd": 51.3,
    "vendor": "Peerless",
    "xmax": 0.0117
}
