{
    "bl": 1.85,
    "cms": 0.00063,
    "fs": 170.0,
    "le": 3.5e-05,
    "mms": 0.0014,
    "model": "TA6FD00-04",
    "pe": 10.0,
    "qes": 1.56,
    "qms": 4.33,
    "qts": 1.1,
    "re": 3.5,
    "rms": 0.34673,
    "sd": 0.00152,
    "vas": 0.00021,
    "vcd": 19.3,
    "vendor": "Peerless",
    "xmax": 0.0021
}
