{
    "bl": 18.7,
    "cms": 0.00013,
    "fs": 27.0,
    "le": 0.00114,
    "mms": 0.255,
    "model": "SDF-300F75PR03-04",
    "pe": 200.0,
    "qes": 0.369,
    "qms": 9.71,
    "qts": 0.36,
    "re": 2.9,
    "rms": 4.5612,
    "sd": 0.0491,
    "vas": 0.0455,
    "vcd": 75.6,
    "vendor": "Peerless",
    "xmax": 0.0252
}
