{
    "bl": 11.8,
    "cms": 0.00028,
    "fs": 34.0,
    "le": 0.00112,
    "mms": 0.0785,
    "model": "SLS-P830669",
    "pe": 100.0,
    "qes": 0.678,
    "qms": 9.98,
    "qts": 0.64,
    "re": 5.6,
    "rms": 1.67774,
    "sd": 0.0523,
    "vas": 0.107,
    "vcd": 38.4,
    "vendor": "Peerless",
    "xmax": 0.0109
}
