{
    "bl": 14.6,
    "cms": 0.00019,
    "fs": 34.0,
    "le": 0.000822,
    "mms": 0.115,
    "model": "SDF-250F75PR01-06",
    "pe": 300.0,
    "qes": 0.48,
    "qms": 11.4,
    "qts": 0.46,
    "re": 4.2,
    "rms": 2.15808,
    "sd": 0.0353,
    "vas": 0.0329,
    "vcd": 75.6,
    "vendor": "Peerless",
    "xmax": 0.0153
}
