{
    "bl": 10.3,
    "cms": 0.00037,
    "fs": 35.0,
    "le": 0.00146,
    "mms": 0.0573,
    "model": "SLS-P830668",
    "pe": 70.0,
    "qes": 0.646,
    "qms": 7.28,
    "qts": 0.59,
    "re": 5.6,
    "rms": 1.70941,
    "sd": 0.0346,
    "vas": 0.0629,
    "vcd": 38.4,
    "vendor": "Peerless",
    "xmax": 0.0109
}
