{
    "bl": 19.2,
    "cms": 0.00011,
    "fs": 26.0,
    "le": 0.00114,
    "mms": 0.348,
    "model": "SDF-375F75PR01-04",
    "pe": 300.0,
    "qes": 0.436,
    "qms": 9.31,
    "qts": 0.42,
    "re": 2.8,
    "rms": 6.04148,
    "sd": 0.0771,
    "vas": 0.0912,
    "vcd": 75.6,
    "vendor": "Peerless",
    "xmax": 0.0239
}
