{
    "bl": 8.51,
    "cms": 0.00028,
    "fs": 47.0,
    "le": 0.000678,
    "mms": 0.0406,
    "model": "SLS-P830946",
    "pe": 75.0,
    "qes": 0.454,
    "qms": 7.42,
    "qts": 0.43,
    "re": 2.7,
    "rms": 1.62286,
    "sd": 0.0124,
    "vas": 0.00603,
    "vcd": 38.4,
    "vendor": "Peerless",
    "xmax": 0.0109
}
