{
    "bl": 8.61,
    "cms": 0.00066,
    "fs": 43.0,
    "le": 0.000519,
    "mms": 0.0207,
    "model": "HDS-P835025",
    "pe": 50.0,
    "qes": 0.47,
    "qms": 3.72,
    "qts": 0.42,
    "re": 6.2,
    "rms": 1.50546,
    "sd": 0.0143,
    "vas": 0.019,
    "vcd": 32.4,
    "vendor": "Peerless",
    "xmax": 0.0074
}
