{
    "bl": 16.6,
    "cms": 0.00014,
    "fs": 29.0,
    "le": 0.000999,
    "mms": 0.214,
    "model": "FSL-1830R09-04",
    "pe": 700.0,
    "qes": 0.502,
    "qms": 15.1,
    "qts": 0.49,
    "re": 3.5,
    "rms": 2.5892,
    "sd": 0.113,
    "vas": 0.25,
    "vcd": 75.7,
    "vendor": "Peerless",
    "xmax": 0.0153,
    "xmech": 0.02
}
