{
    "bl": 18.1,
    "cms": 0.00011,
    "fs": 63.0,
    "le": 0.00047,
    "mms": 0.0586,
    "model": "NCP-1230R01-08",
    "pe": 600.0,
    "qes": 0.394,
    "qms": 6.15,
    "qts": 0.37,
    "re": 5.6,
    "rms": 3.75299,
    "sd": 0.0547,
    "vas": 0.0463,
    "vcd": 75.7,
    "vendor": "Peerless",
    "xmax": 0.0079
}
