{
    "bl": 9.34,
    "cms": 0.00079,
    "fs": 34.0,
    "le": 0.000754,
    "mms": 0.0286,
    "model": "HDS-P830869",
    "pe": 30.0,
    "qes": 0.402,
    "qms": 5.68,
    "qts": 0.38,
    "re": 5.8,
    "rms": 1.05931,
    "sd": 0.0227,
    "vas": 0.0576,
    "vcd": 32.4,
    "vendor": "Peerless",
    "xmax": 0.0075
}
