{
    "bl": 10.1,
    "cms": 3e-05,
    "fs": 30.0,
    "le": 0.000507,
    "mms": 0.0955,
    "model": "XXLS-P835037",
    "pe": 120.0,
    "qes": 0.45,
    "qms": 8.94,
    "qts": 0.43,
    "re": 2.6,
    "rms": 6.31108,
    "sd": 0.0346,
    "vas": 0.0508,
    "vcd": 51.3,
    "vendor": "Peerless",
    "xmax": 0.015
}
