{
    "bl": 10.0,
    "cms": 4.9e-05,
    "fs": 24.0,
    "le": 0.000707,
    "mms": 0.091,
    "model": "XXLS-P835016",
    "pe": 100.0,
    "qes": 0.347,
    "qms": 8.35,
    "qts": 0.33,
    "re": 2.6,
    "rms": 5.16103,
    "sd": 0.0346,
    "vas": 0.0839,
    "vcd": 51.3,
    "vendor": "Peerless",
    "xmax": 0.015
}
