{
    "bl": 13.2,
    "cms": 2.7e-05,
    "fs": 29.0,
    "le": 0.000768,
    "mms": 0.116,
    "model": "XXLS-P830845",
    "pe": 175.0,
    "qes": 0.69,
    "qms": 12.5,
    "qts": 0.65,
    "re": 5.8,
    "rms": 5.24369,
    "sd": 0.0491,
    "vas": 0.0919,
    "vcd": 51.3,
    "vendor": "Peerless",
    "xmax": 0.0152
}
