{
    "bl": 15.5,
    "cms": 0.0005,
    "fs": 24.0,
    "le": 0.00141,
    "mms": 0.0872,
    "model": "NE265W-08",
    "pe": 190.0,
    "qes": 0.352,
    "qms": 11.4,
    "qts": 0.34,
    "re": 6.4,
    "rms": 1.15843,
    "sd": 0.0327,
    "vas": 0.0752,
    "vcd": 51.3,
    "vendor": "Peerless",
    "xmax": 0.012
}
