{
    "bl": 21.9,
    "cms": 0.00017,
    "fs": 41.0,
    "le": 0.00119,
    "mms": 0.0874,
    "model": "FSL-1530R01-08",
    "pe": 350.0,
    "qes": 0.252,
    "qms": 4.98,
    "qts": 0.24,
    "re": 5.3,
    "rms": 4.55304,
    "sd": 0.0866,
    "vas": 0.18,
    "vcd": 75.8,
    "vendor": "Peerless",
    "xmax": 0.0047
}
