{
    "bl": 4.85,
    "cms": 0.00032,
    "fs": 120.0,
    "le": 0.00023,
    "mms": 0.0057,
    "model": "HDS-P830992",
    "pe": 30.0,
    "qes": 0.94,
    "qms": 2.17,
    "qts": 0.66,
    "re": 5.2,
    "rms": 1.94833,
    "sd": 0.00554,
    "vas": 0.00139,
    "vcd": 25.7,
    "vendor": "Peerless",
    "xmax": 0.005
}
