{
    "bl": 11.7,
    "cms": 0.0002,
    "fs": 42.0,
    "le": 0.00233,
    "mms": 0.0716,
    "model": "GBS-200F35CP02-04",
    "pe": 150.0,
    "qes": 0.478,
    "qms": 5.09,
    "qts": 0.44,
    "re": 3.4,
    "rms": 3.71727,
    "sd": 0.0222,
    "vas": 0.0139,
    "vcd": 35.5,
    "vendor": "Peerless",
    "xmax": 0.0078
}
