{
    "bl": 10.3,
    "cms": 0.00018,
    "fs": 49.0,
    "le": 0.00191,
    "mms": 0.0582,
    "model": "SBS-160F35AL01-04",
    "pe": 150.0,
    "qes": 0.693,
    "qms": 5.84,
    "qts": 0.62,
    "re": 4.1,
    "rms": 3.07902,
    "sd": 0.0123,
    "vas": 0.00391,
    "vcd": 35.6,
    "vendor": "Peerless",
    "xmax": 0.0105
}
