{
    "bl": 8.65,
    "cms": 0.00064,
    "fs": 48.0,
    "le": 0.000461,
    "mms": 0.0171,
    "model": "HDS-P830875",
    "pe": 30.0,
    "qes": 0.446,
    "qms": 3.39,
    "qts": 0.39,
    "re": 6.5,
    "rms": 1.52478,
    "sd": 0.0143,
    "vas": 0.0186,
    "vcd": 32.4,
    "vendor": "Peerless",
    "xmax": 0.0073
}
