{
    "bl": 6.64,
    "cms": 0.00077,
    "fs": 48.0,
    "le": 0.000803,
    "mms": 0.0145,
    "model": "SDS-160F25PR01-08",
    "pe": 60.0,
    "qes": 0.686,
    "qms": 3.75,
    "qts": 0.58,
    "re": 7.0,
    "rms": 1.1572,
    "sd": 0.0141,
    "vas": 0.0218,
    "vcd": 25.8,
    "vendor": "Peerless",
    "xmax": 0.0081
}
