{
    "bl": 9.48,
    "cms": 0.00019,
    "fs": 68.0,
    "le": 0.000504,
    "mms": 0.0295,
    "model": "FSL-1015R02-08",
    "pe": 100.0,
    "qes": 0.743,
    "qms": 4.58,
    "qts": 0.64,
    "re": 5.3,
    "rms": 2.72063,
    "sd": 0.037,
    "vas": 0.036,
    "vendor": "Peerless",
    "xmax": 0.0043
}
