{
    "bl": 6.35,
    "cms": 0.00045,
    "fs": 76.0,
    "le": 0.000352,
    "mms": 0.0098,
    "model": "HDS-P830991",
    "pe": 30.0,
    "qes": 0.692,
    "qms": 2.64,
    "qts": 0.55,
    "re": 5.9,
    "rms": 1.77038,
    "sd": 0.00899,
    "vas": 0.00511,
    "vcd": 25.7,
    "vendor": "Peerless",
    "xmax": 0.0066
}
