{
    "bl": 4.3,
    "cms": 0.00097,
    "fs": 73.0,
    "le": 0.000169,
    "mms": 0.0049,
    "model": "SLS-85S25CP04-04",
    "pe": 30.0,
    "qes": 0.386,
    "qms": 5.41,
    "qts": 0.36,
    "re": 3.2,
    "rms": 0.41375,
    "sd": 0.00322,
    "vas": 0.00143,
    "vcd": 25.7,
    "vendor": "Peerless",
    "xmax": 0.0065
}
