{
    "bl": 8.62,
    "cms": 0.00047,
    "fs": 56.0,
    "le": 0.000467,
    "mms": 0.0175,
    "model": "HDS-P830990",
    "pe": 50.0,
    "qes": 0.516,
    "qms": 2.45,
    "qts": 0.43,
    "re": 6.3,
    "rms": 2.4906,
    "sd": 0.0143,
    "vas": 0.0135,
    "vcd": 32.4,
    "vendor": "Peerless",
    "xmax": 0.0073
}
