{
    "bl": 8.71,
    "cms": 0.00037,
    "fs": 61.0,
    "le": 0.000418,
    "mms": 0.0188,
    "model": "HDS-P830874",
    "pe": 75.0,
    "qes": 0.595,
    "qms": 3.68,
    "qts": 0.51,
    "re": 6.3,
    "rms": 1.937,
    "sd": 0.0143,
    "vas": 0.0106,
    "vcd": 32.4,
    "vendor": "Peerless",
    "xmax": 0.0073
}
