{
    "bl": 7.22,
    "cms": 0.00066,
    "fs": 65.0,
    "le": 0.000402,
    "mms": 0.0093,
    "model": "HDS-P830933",
    "pe": 40.0,
    "qes": 0.434,
    "qms": 4.57,
    "qts": 0.4,
    "re": 6.0,
    "rms": 0.8214,
    "sd": 0.00883,
    "vas": 0.00723,
    "vcd": 25.7,
    "vendor": "Peerless",
    "xmax": 0.0055
}
