{
    "bl": 5.53,
    "cms": 0.00062,
    "fs": 65.0,
    "le": 0.000493,
    "mms": 0.0097,
    "model": "SDS-P830656",
    "pe": 60.0,
    "qes": 0.76,
    "qms": 3.47,
    "qts": 0.62,
    "re": 5.9,
    "rms": 1.13812,
    "sd": 0.00866,
    "vas": 0.00658,
    "vcd": 25.8,
    "vendor": "Peerless",
    "xmax": 0.0055
}
