{
    "bl": 14.9,
    "cms": 0.00013,
    "fs": 63.0,
    "le": 0.000536,
    "mms": 0.0501,
    "model": "FSL-1225R02-08",
    "pe": 233.0,
    "qes": 0.486,
    "qms": 4.19,
    "qts": 0.44,
    "re": 5.5,
    "rms": 4.68525,
    "sd": 0.0547,
    "vas": 0.0548,
    "vcd": 65.5,
    "vendor": "Peerless",
    "xmax": 0.0053,
    "xmech": 0.0219
}
