{
    "bl": 23.9,
    "cms": 0.00081,
    "fs": 54.0,
    "le": 0.000784,
    "mms": 0.0108,
    "model": "NCP-1540R01-04",
    "pe": 1200.0,
    "qes": 0.33,
    "qms": 7.68,
    "qts": 0.32,
    "re": 5.1,
    "rms": 0.47545,
    "sd": 0.0871,
    "vas": 0.00865,
    "vcd": 100.0,
    "vendor": "Peerless",
    "xmax": 0.0082
}
