{
    "bl": 11.7,
    "cms": 0.00038,
    "fs": 26.0,
    "le": 0.000879,
    "mms": 0.0988,
    "model": "NE265W-04",
    "pe": 150.0,
    "qes": 0.336,
    "qms": 14.4,
    "qts": 0.33,
    "re": 2.9,
    "rms": 1.11976,
    "sd": 0.033,
    "vas": 0.0592,
    "vcd": 51.3,
    "vendor": "Peerless",
    "xmax": 0.0117
}
