{
    "bl": 2.9,
    "cms": 0.00045,
    "fs": 120.0,
    "le": 0.000101,
    "mms": 0.0038,
    "model": "GBS-85N25PR03-04",
    "pe": 15.0,
    "qes": 1.1,
    "qms": 5.24,
    "qts": 0.91,
    "re": 3.2,
    "rms": 0.55237,
    "sd": 0.00353,
    "vas": 0.00079,
    "vendor": "Peerless",
    "xmax": 0.0031
}
