{
    "bl": 8.67,
    "cms": 0.0003,
    "fs": 56.0,
    "le": 0.000431,
    "mms": 0.0268,
    "model": "P22WO03-08",
    "pe": 80.0,
    "qes": 0.736,
    "qms": 1.76,
    "qts": 0.52,
    "re": 5.9,
    "rms": 5.37025,
    "sd": 0.0238,
    "vas": 0.0242,
    "vcd": 38.6,
    "vendor": "Peerless",
    "xmax": 0.0047
}
