{
    "bl": 15.3,
    "cms": 0.00052,
    "fs": 21.0,
    "le": 0.00149,
    "mms": 0.108,
    "model": "NE315W-08",
    "pe": 150.0,
    "qes": 0.389,
    "qms": 11.5,
    "qts": 0.38,
    "re": 6.3,
    "rms": 1.25318,
    "sd": 0.0507,
    "vas": 0.187,
    "vcd": 51.3,
    "vendor": "Peerless",
    "xmax": 0.012
}
