{
    "bl": 6.32,
    "cms": 0.00027,
    "fs": 120.0,
    "le": 0.000258,
    "mms": 0.0071,
    "model": "FSL-0512R01-08",
    "pe": 90.0,
    "qes": 0.736,
    "qms": 1.88,
    "qts": 0.53,
    "re": 5.7,
    "rms": 2.72958,
    "sd": 0.0113,
    "vas": 0.00458,
    "vendor": "Peerless",
    "xmax": 0.0043
}
