{
    "bl": 21.4,
    "cms": 0.00016,
    "fs": 32.0,
    "le": 0.00207,
    "mms": 0.16,
    "model": "FSL-1830R03-08",
    "pe": 600.0,
    "qes": 0.372,
    "qms": 8.06,
    "qts": 0.36,
    "re": 5.4,
    "rms": 3.92342,
    "sd": 0.123,
    "vas": 0.338,
    "vcd": 75.8,
    "vendor": "Peerless",
    "xmax": 0.0087,
    "xmech": 0.0216
}
