{
    "bl": 5.18,
    "cms": 0.00049,
    "fs": 55.0,
    "le": 0.000353,
    "mms": 0.0169,
    "model": "SLS-135F32CP01-04",
    "pe": 50.0,
    "qes": 0.601,
    "qms": 5.47,
    "qts": 0.54,
    "re": 2.8,
    "rms": 1.07364,
    "sd": 0.00899,
    "vas": 0.00565,
    "vcd": 32.4,
    "vendor": "Peerless",
    "xmax": 0.007
}
