{
    "bl": 4.93,
    "cms": 0.00038,
    "fs": 100.0,
    "le": 0.000198,
    "mms": 0.0068,
    "model": "HDS-P830870",
    "pe": 25.0,
    "qes": 0.871,
    "qms": 1.92,
    "qts": 0.6,
    "re": 5.3,
    "rms": 2.20324,
    "sd": 0.00568,
    "vas": 0.00173,
    "vcd": 25.7,
    "vendor": "Peerless",
    "xmax": 0.005
}
