{
    "bl": 11.1,
    "cms": 0.00057,
    "fs": 36.0,
    "le": 0.000434,
    "mms": 0.0355,
    "model": "NE225W-08",
    "pe": 125.0,
    "qes": 0.404,
    "qms": 10.6,
    "qts": 0.39,
    "re": 6.3,
    "rms": 0.74451,
    "sd": 0.0227,
    "vas": 0.0412,
    "vcd": 51.3,
    "vendor": "Peerless",
    "xmax": 0.0104
}
