{
    "bl": 7.8,
    "cms": 0.00024,
    "fs": 68.0,
    "le": 0.000215,
    "mms": 0.0237,
    "model": "HDS-P830883",
    "pe": 30.0,
    "qes": 0.971,
    "qms": 2.18,
    "qts": 0.67,
    "re": 5.9,
    "rms": 4.5584,
    "sd": 0.0143,
    "vas": 0.00681,
    "vcd": 32.4,
    "vendor": "Peerless",
    "xmax": 0.0076
}
