{
    "bl": 5.83,
    "cms": 0.0008,
    "fs": 73.0,
    "le": 0.000118,
    "mms": 0.0059,
    "model": "NE123W-08",
    "pe": 45.0,
    "qes": 0.487,
    "qms": 9.37,
    "qts": 0.46,
    "re": 6.1,
    "rms": 0.29007,
    "sd": 0.00541,
    "vas": 0.0033,
    "vcd": 32.4,
    "vendor": "Peerless",
    "xmax": 0.0044
}
