{
    "bl": 5.62,
    "cms": 0.0008475,
    "fs": 55.0,
    "le": 0.000144,
    "mms": 0.01,
    "model": "W4-1658SB",
    "pe": 45.0,
    "qes": 0.41,
    "qms": 8.84,
    "qts": 0.39,
    "re": 3.8,
    "rms": 0.4,
    "sd": 0.00785,
    "vas": 0.00742,
    "vendor": "TangBand",
    "xmax": 0.0045
}
