{
    "bl": 6.76,
    "cms": 0.0006147,
    "fs": 50.0,
    "le": 0.00031,
    "mms": 0.012,
    "model": "W3-2052S",
    "pe": 15.0,
    "qes": 0.38,
    "qms": 3.39,
    "qts": 0.34,
    "re": 3.9,
    "rms": 1.1,
    "sd": 0.0032,
    "vas": 0.00089,
    "vendor": "TangBand",
    "xmax": 0.005
}
