{
    "bl": 13.57,
    "cms": 0.000269,
    "fs": 25.0,
    "le": 0.000899,
    "mms": 0.1447,
    "model": "WQ-760C",
    "pe": 300.0,
    "qes": 0.4,
    "qms": 5.32,
    "qts": 0.38,
    "re": 3.2,
    "rms": 4.3,
    "sd": 0.05,
    "vas": 0.09536,
    "vendor": "TangBand",
    "xmax": 0.012
}
