{
    "bl": 9.43,
    "cms": 0.0003386,
    "fs": 40.0,
    "le": 0.00072,
    "mms": 0.05,
    "model": "W8-670T",
    "pe": 80.0,
    "qes": 0.49,
    "qms": 5.87,
    "qts": 0.45,
    "re": 3.6,
    "rms": 2.1,
    "sd": 0.022,
    "vas": 0.02327,
    "vendor": "TangBand",
    "xmax": 0.0079
}
