{
    "bl": 14.76,
    "cms": 0.0001134,
    "fs": 35.0,
    "le": 0.000315,
    "mms": 0.1297,
    "model": "WQ-1814SB",
    "pe": 200.0,
    "qes": 0.53,
    "qms": 7.09,
    "qts": 0.49,
    "re": 3.4,
    "rms": 4.0,
    "sd": 0.05,
    "vas": 0.04024,
    "vendor": "TangBand",
    "xmax": 0.004
}
