{
    "bl": 6.17,
    "cms": 0.0006216,
    "fs": 45.0,
    "le": 0.00021,
    "mms": 0.018,
    "model": "W3-2108",
    "pe": 25.0,
    "qes": 0.51,
    "qms": 4.67,
    "qts": 0.46,
    "re": 3.6,
    "rms": 1.1,
    "sd": 0.0044,
    "vas": 0.00171,
    "vendor": "TangBand",
    "xmax": 0.007
}
