{
    "bl": 7.95,
    "cms": 0.0008431,
    "fs": 32.0,
    "le": 0.000254,
    "mms": 0.0349,
    "model": "W8-2096B",
    "pe": 80.0,
    "qes": 0.37,
    "qms": 2.46,
    "qts": 0.32,
    "re": 3.6,
    "rms": 2.9,
    "sd": 0.022,
    "vas": 0.05794,
    "vendor": "TangBand",
    "xmax": 0.0085
}
