{
    "bl": 17.64,
    "cms": 0.0003282,
    "fs": 20.0,
    "le": 0.00148,
    "mms": 0.1796,
    "model": "WQ-1858",
    "pe": 500.0,
    "qes": 0.51,
    "qms": 3.88,
    "qts": 0.45,
    "re": 6.8,
    "rms": 5.8,
    "sd": 0.05,
    "vas": 0.11652,
    "vendor": "TangBand",
    "xmax": 0.0133
}
