{
    "bl": 8.3,
    "cms": 0.0006845,
    "fs": 40.0,
    "le": 0.00081,
    "mms": 0.023,
    "model": "W69-1213SB",
    "pe": 60.0,
    "qes": 0.55,
    "qms": 2.28,
    "qts": 0.44,
    "re": 6.5,
    "rms": 2.5,
    "sd": 0.0226,
    "vas": 0.0496,
    "vendor": "TangBand",
    "xmax": 0.0045
}
