{
    "bl": 5.46,
    "cms": 0.00211,
    "fs": 48.0,
    "le": 2.3e-05,
    "mms": 0.007,
    "model": "W5-1880",
    "pe": 30.0,
    "qes": 0.38,
    "qms": 1.78,
    "qts": 0.32,
    "re": 6.3,
    "rms": 1.2,
    "sd": 0.0094,
    "vas": 0.02647,
    "vendor": "TangBand",
    "xmax": 0.005
}
