{
    "bl": 7.17,
    "cms": 0.0003687,
    "fs": 45.0,
    "le": 0.00034,
    "mms": 0.0288,
    "model": "W5-1138SMF",
    "pe": 40.0,
    "qes": 0.57,
    "qms": 3.56,
    "qts": 0.49,
    "re": 3.4,
    "rms": 2.3,
    "sd": 0.0094,
    "vas": 0.00485,
    "vendor": "TangBand",
    "xmax": 0.0093
}
