{
    "bl": 5.51,
    "cms": 0.0008106,
    "fs": 70.0,
    "le": 0.000167,
    "mms": 0.006,
    "model": "W4-639SE",
    "pe": 25.0,
    "qes": 0.54,
    "qms": 3.7,
    "qts": 0.47,
    "re": 6.0,
    "rms": 0.7,
    "sd": 0.0057,
    "vas": 0.00374,
    "vendor": "TangBand",
    "xmax": 0.0032
}
