{
    "bl": 12.26,
    "cms": 0.000363,
    "fs": 38.0,
    "le": 0.000961,
    "mms": 0.0499,
    "model": "W8-670Q",
    "pe": 70.0,
    "qes": 0.51,
    "qms": 5.35,
    "qts": 0.46,
    "re": 6.5,
    "rms": 2.2,
    "sd": 0.022,
    "vas": 0.02495,
    "vendor": "TangBand",
    "xmax": 0.007
}
