{
    "bl": 9.92,
    "cms": 0.000568,
    "fs": 50.0,
    "le": 0.00209,
    "mms": 0.017,
    "model": "W5-876SD",
    "pe": 40.0,
    "qes": 0.36,
    "qms": 3.9,
    "qts": 0.33,
    "re": 6.4,
    "rms": 1.4,
    "sd": 0.0094,
    "vas": 0.00713,
    "vendor": "TangBand",
    "xmax": 0.005
}
