{
    "bl": 19.75,
    "cms": 0.0001296,
    "fs": 40.0,
    "le": 0.00052,
    "mms": 0.1397,
    "model": "W69-1436",
    "pe": 80.0,
    "qes": 0.27,
    "qms": 2.55,
    "qts": 0.24,
    "re": 3.2,
    "rms": 13.8,
    "sd": 0.022,
    "vas": 0.0094,
    "vendor": "TangBand",
    "xmax": 0.0055
}
