{
    "bl": 5.05,
    "cms": 0.0009144,
    "fs": 110.0,
    "le": 0.000116,
    "mms": 0.0023,
    "model": "W2-1767S",
    "pe": 20.0,
    "qes": 0.41,
    "qms": 2.85,
    "qts": 0.36,
    "re": 6.6,
    "rms": 0.6,
    "sd": 0.0013,
    "vas": 0.00022,
    "vendor": "TangBand",
    "xmax": 0.003
}
