{
    "bl": 5.06,
    "cms": 0.0007929,
    "fs": 55.0,
    "le": 6.6e-05,
    "mms": 0.0081,
    "model": "W5-753SH",
    "pe": 25.0,
    "qes": 0.45,
    "qms": 2.95,
    "qts": 0.37,
    "re": 3.6,
    "rms": 0.9,
    "sd": 0.0094,
    "vas": 0.00995,
    "vendor": "TangBand",
    "xmax": 0.0026
}
