{
    "bl": 13.01,
    "cms": 0.0002593,
    "fs": 37.0,
    "le": 0.000543,
    "mms": 0.0699,
    "model": "W8-1853",
    "pe": 100.0,
    "qes": 0.33,
    "qms": 5.95,
    "qts": 0.31,
    "re": 3.4,
    "rms": 2.7,
    "sd": 0.022,
    "vas": 0.01782,
    "vendor": "TangBand",
    "xmax": 0.0053
}
