{
    "bl": 14.32,
    "cms": 0.000214,
    "fs": 30.0,
    "le": 0.00087,
    "mms": 0.1197,
    "model": "W8-740M",
    "pe": 150.0,
    "qes": 0.37,
    "qms": 4.29,
    "qts": 0.34,
    "re": 3.2,
    "rms": 5.3,
    "sd": 0.022,
    "vas": 0.01471,
    "vendor": "TangBand",
    "xmax": 0.012
}
