{
    "bl": 6.32,
    "cms": 0.001017,
    "fs": 45.0,
    "le": 0.000118,
    "mms": 0.011,
    "model": "W6-658I",
    "pe": 30.0,
    "qes": 0.49,
    "qms": 4.49,
    "qts": 0.44,
    "re": 6.0,
    "rms": 0.7,
    "sd": 0.014,
    "vas": 0.02831,
    "vendor": "TangBand",
    "xmax": 0.0041
}
