{
    "bl": 7.88,
    "cms": 0.0003692,
    "fs": 40.0,
    "le": 0.00019,
    "mms": 0.0399,
    "model": "W6-2253S",
    "pe": 100.0,
    "qes": 0.6,
    "qms": 3.22,
    "qts": 0.51,
    "re": 3.6,
    "rms": 3.1,
    "sd": 0.011,
    "vas": 0.00634,
    "vendor": "TangBand",
    "xmax": 0.005
}
