{
    "bl": 14.57,
    "cms": 0.0002344,
    "fs": 27.0,
    "le": 0.000851,
    "mms": 0.1347,
    "model": "W8Q-1071F",
    "pe": 250.0,
    "qes": 0.36,
    "qms": 4.6,
    "qts": 0.34,
    "re": 3.2,
    "rms": 5.0,
    "sd": 0.046,
    "vas": 0.07042,
    "vendor": "TangBand",
    "xmax": 0.012
}
