{
    "bl": 6.35,
    "cms": 0.0006948,
    "fs": 75.0,
    "le": 0.00025,
    "mms": 0.0065,
    "model": "W2-2040S",
    "pe": 10.0,
    "qes": 0.28,
    "qms": 5.21,
    "qts": 0.26,
    "re": 3.5,
    "rms": 0.6,
    "sd": 0.0014,
    "vas": 0.00019,
    "vendor": "TangBand",
    "xmax": 0.0053
}
