{
    "bl": 6.17,
    "cms": 0.0009221,
    "fs": 55.0,
    "le": 6.3e-05,
    "mms": 0.008,
    "model": "W5-704D",
    "pe": 28.0,
    "qes": 0.46,
    "qms": 2.07,
    "qts": 0.38,
    "re": 6.0,
    "rms": 1.3,
    "sd": 0.0094,
    "vas": 0.01157,
    "vendor": "TangBand",
    "xmax": 0.0033
}
