{
    "bl": 4.14,
    "cms": 0.000614,
    "fs": 50.0,
    "le": 4.5e-05,
    "mms": 0.017,
    "model": "W6-2090",
    "pe": 30.0,
    "qes": 0.55,
    "qms": 4.1,
    "qts": 0.49,
    "re": 1.8,
    "rms": 1.3,
    "sd": 0.014,
    "vas": 0.01311,
    "vendor": "TangBand",
    "xmax": 0.0048
}
