{
    "bl": 5.73,
    "cms": 0.0005499,
    "fs": 50.0,
    "le": 1.7e-05,
    "mms": 0.0154,
    "model": "W46-1316N",
    "pe": 30.0,
    "qes": 0.52,
    "qms": 4.07,
    "qts": 0.46,
    "re": 3.2,
    "rms": 1.2,
    "sd": 0.00935,
    "vas": 0.00683,
    "vendor": "TangBand",
    "xmax": 0.005
}
