{
    "bl": 9.24,
    "cms": 0.0004849,
    "fs": 35.0,
    "le": 0.000197,
    "mms": 0.0349,
    "model": "W4-2089",
    "pe": 40.0,
    "qes": 0.36,
    "qms": 4.64,
    "qts": 0.33,
    "re": 3.6,
    "rms": 1.7,
    "sd": 0.0075,
    "vas": 0.00387,
    "vendor": "TangBand",
    "xmax": 0.008
}
