{
    "bl": 10.76,
    "cms": 0.0001882,
    "fs": 35.0,
    "le": 0.00157,
    "mms": 0.1082,
    "model": "W8-2282",
    "pe": 200.0,
    "qes": 0.75,
    "qms": 5.52,
    "qts": 0.66,
    "re": 3.6,
    "rms": 4.3,
    "sd": 0.022,
    "vas": 0.01293,
    "vendor": "TangBand",
    "xmax": 0.005
}
