{
    "bl": 13.94,
    "cms": 0.0002235,
    "fs": 30.0,
    "le": 0.000687,
    "mms": 0.0998,
    "model": "W8-1363SB",
    "pe": 150.0,
    "qes": 0.35,
    "qms": 3.7,
    "qts": 0.32,
    "re": 3.2,
    "rms": 5.1,
    "sd": 0.022,
    "vas": 0.01536,
    "vendor": "TangBand",
    "xmax": 0.012
}
