{
    "bl": 17.35,
    "cms": 0.0002197,
    "fs": 25.0,
    "le": 0.00069,
    "mms": 0.1896,
    "model": "WT-1427G",
    "pe": 120.0,
    "qes": 0.31,
    "qms": 3.42,
    "qts": 0.29,
    "re": 3.2,
    "rms": 8.7,
    "sd": 0.035,
    "vas": 0.03823,
    "vendor": "TangBand",
    "xmax": 0.0095
}
