{
    "bl": 6.1,
    "cms": 0.0007647,
    "fs": 55.0,
    "le": 0.000306,
    "mms": 0.009,
    "model": "W3-2000",
    "pe": 12.0,
    "qes": 0.37,
    "qms": 4.53,
    "qts": 0.34,
    "re": 4.0,
    "rms": 0.7,
    "sd": 0.0032,
    "vas": 0.00111,
    "vendor": "TangBand",
    "xmax": 0.0018
}
