{
    "bl": 5.28,
    "cms": 0.0007377,
    "fs": 55.0,
    "le": 0.00019,
    "mms": 0.01,
    "model": "W3-1876S",
    "pe": 15.0,
    "qes": 0.5,
    "qms": 3.17,
    "qts": 0.43,
    "re": 3.6,
    "rms": 1.1,
    "sd": 0.0027,
    "vas": 0.00088,
    "vendor": "TangBand",
    "xmax": 0.005
}
