{
    "bl": 9.31,
    "cms": 0.0004849,
    "fs": 35.0,
    "le": 0.000199,
    "mms": 0.0399,
    "model": "W5-2053",
    "pe": 40.0,
    "qes": 0.36,
    "qms": 4.7,
    "qts": 0.33,
    "re": 3.6,
    "rms": 1.9,
    "sd": 0.0075,
    "vas": 0.00387,
    "vendor": "TangBand",
    "xmax": 0.008
}
