{
    "bl": 5.12,
    "cms": 0.001055,
    "fs": 40.0,
    "le": 8.4e-05,
    "mms": 0.015,
    "model": "W6-1721",
    "pe": 50.0,
    "qes": 0.49,
    "qms": 3.58,
    "qts": 0.43,
    "re": 3.4,
    "rms": 1.1,
    "sd": 0.014,
    "vas": 0.02938,
    "vendor": "TangBand",
    "xmax": 0.008
}
