{
    "bl": 5.16,
    "cms": 0.001295,
    "fs": 90.0,
    "le": 0.000215,
    "mms": 0.0023,
    "model": "W2-1625SA",
    "pe": 20.0,
    "qes": 0.33,
    "qms": 3.94,
    "qts": 0.31,
    "re": 6.6,
    "rms": 0.3,
    "sd": 0.0015,
    "vas": 0.00031,
    "vendor": "TangBand",
    "xmax": 0.002
}
