{
    "bl": 10.35,
    "cms": 0.0009749,
    "fs": 40.0,
    "le": 0.000384,
    "mms": 0.02,
    "model": "W57-1781",
    "pe": 50.0,
    "qes": 0.3,
    "qms": 2.12,
    "qts": 0.27,
    "re": 7.2,
    "rms": 2.4,
    "sd": 0.014,
    "vas": 0.02598,
    "vendor": "TangBand",
    "xmax": 0.003
}
