{
    "bl": 13.03,
    "cms": 0.0001945,
    "fs": 32.0,
    "le": 0.00082,
    "mms": 0.0998,
    "model": "W8-1363SBF",
    "pe": 150.0,
    "qes": 0.43,
    "qms": 4.26,
    "qts": 0.39,
    "re": 3.2,
    "rms": 4.7,
    "sd": 0.022,
    "vas": 0.01337,
    "vendor": "TangBand",
    "xmax": 0.012
}
