{
    "bl": 10.48,
    "cms": 0.0003688,
    "fs": 29.0,
    "le": 0.000457,
    "mms": 0.0798,
    "model": "W6-2100",
    "pe": 55.0,
    "qes": 0.48,
    "qms": 5.2,
    "qts": 0.44,
    "re": 3.6,
    "rms": 2.8,
    "sd": 0.0176,
    "vas": 0.01622,
    "vendor": "TangBand",
    "xmax": 0.01
}
