{
    "bl": 5.28,
    "cms": 0.001282,
    "fs": 45.0,
    "le": 4.8e-05,
    "mms": 0.0094,
    "model": "W8-1808",
    "pe": 30.0,
    "qes": 0.66,
    "qms": 1.33,
    "qts": 0.44,
    "re": 6.8,
    "rms": 2.0,
    "sd": 0.022,
    "vas": 0.08814,
    "vendor": "TangBand",
    "xmax": 0.005
}
