{
    "bl": 5.13,
    "cms": 0.001492,
    "fs": 50.0,
    "le": 0.000128,
    "mms": 0.007,
    "model": "W6-789E",
    "pe": 15.0,
    "qes": 0.5,
    "qms": 6.32,
    "qts": 0.46,
    "re": 6.0,
    "rms": 0.3,
    "sd": 0.014,
    "vas": 0.04153,
    "vendor": "TangBand",
    "xmax": 0.0043
}
