{
    "bl": 6.01,
    "cms": 0.000802,
    "fs": 35.0,
    "le": 0.000111,
    "mms": 0.0259,
    "model": "W8-1722",
    "pe": 60.0,
    "qes": 0.57,
    "qms": 3.56,
    "qts": 0.49,
    "re": 3.6,
    "rms": 1.6,
    "sd": 0.022,
    "vas": 0.05512,
    "vendor": "TangBand",
    "xmax": 0.0085
}
