{
    "bl": 3.71,
    "cms": 0.000599,
    "fs": 60.0,
    "le": 4e-05,
    "mms": 0.01,
    "model": "W4-2099",
    "pe": 28.0,
    "qes": 0.54,
    "qms": 3.71,
    "qts": 0.47,
    "re": 1.8,
    "rms": 1.0,
    "sd": 0.0057,
    "vas": 0.00276,
    "vendor": "TangBand",
    "xmax": 0.003
}
