{
    "bl": 8.67,
    "cms": 0.0004233,
    "fs": 38.0,
    "le": 0.00034,
    "mms": 0.0399,
    "model": "W6-1139SI",
    "pe": 50.0,
    "qes": 0.47,
    "qms": 2.65,
    "qts": 0.4,
    "re": 3.6,
    "rms": 3.6,
    "sd": 0.014,
    "vas": 0.01178,
    "vendor": "TangBand",
    "xmax": 0.013
}
