{
    "bl": 7.77,
    "cms": 0.001409,
    "fs": 55.0,
    "le": 0.00016,
    "mms": 0.0081,
    "model": "W4-792SJ",
    "pe": 28.0,
    "qes": 0.3,
    "qms": 3.69,
    "qts": 0.28,
    "re": 3.6,
    "rms": 0.8,
    "sd": 0.0057,
    "vas": 0.00484,
    "vendor": "TangBand",
    "xmax": 0.0029
}
