{
    "bl": 14.54,
    "cms": 0.0003423,
    "fs": 32.0,
    "le": 0.00167,
    "mms": 0.0699,
    "model": "WT-644F",
    "pe": 180.0,
    "qes": 0.43,
    "qms": 11.19,
    "qts": 0.42,
    "re": 6.4,
    "rms": 1.3,
    "sd": 0.035,
    "vas": 0.05954,
    "vendor": "TangBand",
    "xmax": 0.0093
}
