{
    "bl": 4.72,
    "cms": 0.001017,
    "fs": 50.0,
    "le": 4.2e-05,
    "mms": 0.011,
    "model": "W5-1685",
    "pe": 45.0,
    "qes": 0.53,
    "qms": 3.33,
    "qts": 0.46,
    "re": 3.6,
    "rms": 1.0,
    "sd": 0.0094,
    "vas": 0.01276,
    "vendor": "TangBand",
    "xmax": 0.0061
}
