{
    "bl": 6.7,
    "cms": 0.001071,
    "fs": 46.0,
    "le": 0.000168,
    "mms": 0.012,
    "model": "W6-623I",
    "pe": 30.0,
    "qes": 0.45,
    "qms": 5.21,
    "qts": 0.41,
    "re": 6.0,
    "rms": 0.7,
    "sd": 0.014,
    "vas": 0.02982,
    "vendor": "TangBand",
    "xmax": 0.004
}
