{
    "bl": 8.4,
    "cms": 0.0008299,
    "fs": 30.0,
    "le": 0.00023,
    "mms": 0.0288,
    "model": "W8-750C",
    "pe": 60.0,
    "qes": 0.5,
    "qms": 3.01,
    "qts": 0.43,
    "re": 6.0,
    "rms": 1.8,
    "sd": 0.022,
    "vas": 0.05704,
    "vendor": "TangBand",
    "xmax": 0.0039
}
