{
    "bl": 13.66,
    "cms": 0.0002914,
    "fs": 30.0,
    "le": 0.000837,
    "mms": 0.0943,
    "model": "W8-740P",
    "pe": 120.0,
    "qes": 0.31,
    "qms": 3.69,
    "qts": 0.28,
    "re": 3.2,
    "rms": 4.8,
    "sd": 0.022,
    "vas": 0.02003,
    "vendor": "TangBand",
    "xmax": 0.0121
}
