{
    "bl": 8.47,
    "cms": 0.000599,
    "fs": 35.0,
    "le": 0.00047,
    "mms": 0.0399,
    "model": "W6-1139SIF",
    "pe": 50.0,
    "qes": 0.47,
    "qms": 2.65,
    "qts": 0.4,
    "re": 3.6,
    "rms": 3.3,
    "sd": 0.014,
    "vas": 0.01178,
    "vendor": "TangBand",
    "xmax": 0.0115
}
