{
    "bl": 6.59,
    "cms": 0.0009846,
    "fs": 40.0,
    "le": 1.1e-05,
    "mms": 0.015,
    "model": "W8-2145",
    "pe": 40.0,
    "qes": 0.61,
    "qms": 1.65,
    "qts": 0.45,
    "re": 6.8,
    "rms": 2.3,
    "sd": 0.022,
    "vas": 0.06767,
    "vendor": "TangBand",
    "xmax": 0.003
}
