{
    "bl": 13.27,
    "cms": 0.0004171,
    "fs": 35.0,
    "le": 0.000911,
    "mms": 0.0499,
    "model": "W69-1042J",
    "pe": 90.0,
    "qes": 0.4,
    "qms": 3.93,
    "qts": 0.37,
    "re": 6.5,
    "rms": 2.8,
    "sd": 0.0226,
    "vas": 0.03025,
    "vendor": "TangBand",
    "xmax": 0.0073
}
