{
    "bl": 6.21,
    "cms": 0.001295,
    "fs": 45.0,
    "le": 0.00066,
    "mms": 0.01,
    "model": "W5-610SF",
    "pe": 28.0,
    "qes": 0.43,
    "qms": 7.25,
    "qts": 0.4,
    "re": 6.0,
    "rms": 0.4,
    "sd": 0.0094,
    "vas": 0.0163,
    "vendor": "TangBand",
    "xmax": 0.0037
}
