{
    "bl": 3.82,
    "cms": 0.001284,
    "fs": 60.0,
    "le": 3.7e-05,
    "mms": 0.005,
    "model": "W4-1720",
    "pe": 30.0,
    "qes": 0.51,
    "qms": 2.33,
    "qts": 0.42,
    "re": 3.8,
    "rms": 0.8,
    "sd": 0.0057,
    "vas": 0.00592,
    "vendor": "TangBand",
    "xmax": 0.005
}
