{
    "bl": 6.64,
    "cms": 0.0003895,
    "fs": 45.0,
    "le": 0.000171,
    "mms": 0.025,
    "model": "W5-1138SM",
    "pe": 30.0,
    "qes": 0.62,
    "qms": 2.59,
    "qts": 0.5,
    "re": 3.4,
    "rms": 2.7,
    "sd": 0.0094,
    "vas": 0.00489,
    "vendor": "TangBand",
    "xmax": 0.0093
}
