{
    "bl": 13.71,
    "cms": 0.0004797,
    "fs": 45.0,
    "le": 0.00032,
    "mms": 0.025,
    "model": "W6-1559S",
    "pe": 50.0,
    "qes": 0.25,
    "qms": 7.12,
    "qts": 0.24,
    "re": 6.6,
    "rms": 1.0,
    "sd": 0.014,
    "vas": 0.01335,
    "vendor": "TangBand",
    "xmax": 0.0055
}
