{
    "bl": 13.4,
    "cms": 0.000339,
    "fs": 28.0,
    "le": 0.00318,
    "mms": 0.095,
    "model": "W8-740C",
    "pe": 120.0,
    "qes": 0.3,
    "qms": 10.53,
    "qts": 0.29,
    "re": 3.2,
    "rms": 1.592,
    "sd": 0.022,
    "vas": 0.023,
    "vendor": "TangBand",
    "xmax": 0.012
}
