{
    "bl": 14.6,
    "cms": 0.0002283,
    "fs": 32.0,
    "le": 0.00088,
    "mms": 0.1047,
    "model": "W8-740Q",
    "pe": 150.0,
    "qes": 0.31,
    "qms": 3.01,
    "qts": 0.28,
    "re": 3.2,
    "rms": 7.0,
    "sd": 0.022,
    "vas": 0.01569,
    "vendor": "TangBand",
    "xmax": 0.0121
}
