{
    "bl": 6.55,
    "cms": 0.0008025,
    "fs": 60.0,
    "le": 8.8e-05,
    "mms": 0.008,
    "model": "W5-1140SD",
    "pe": 30.0,
    "qes": 0.5,
    "qms": 1.81,
    "qts": 0.39,
    "re": 6.8,
    "rms": 1.7,
    "sd": 0.0094,
    "vas": 0.01007,
    "vendor": "TangBand",
    "xmax": 0.0034
}
