{
    "bl": 7.12,
    "cms": 0.001374,
    "fs": 42.0,
    "le": 9e-06,
    "mms": 0.0101,
    "model": "W8-1772",
    "pe": 30.0,
    "qes": 0.36,
    "qms": 1.02,
    "qts": 0.27,
    "re": 6.8,
    "rms": 2.6,
    "sd": 0.022,
    "vas": 0.09445,
    "vendor": "TangBand",
    "xmax": 0.003
}
