{
    "bl": 5.65,
    "cms": 0.0007655,
    "fs": 45.0,
    "le": 0.00018,
    "mms": 0.018,
    "model": "W3-2088S0F",
    "pe": 25.0,
    "qes": 0.55,
    "qms": 4.14,
    "qts": 0.48,
    "re": 3.6,
    "rms": 1.2,
    "sd": 0.0044,
    "vas": 0.0021,
    "vendor": "TangBand",
    "xmax": 0.007
}
