{
    "bl": 9.97,
    "cms": 0.0003669,
    "fs": 30.0,
    "le": 0.000604,
    "mms": 0.0699,
    "model": "W8-1747A",
    "pe": 350.0,
    "qes": 0.5,
    "qms": 2.15,
    "qts": 0.41,
    "re": 3.6,
    "rms": 6.1,
    "sd": 0.022,
    "vas": 0.02316,
    "vendor": "TangBand",
    "xmax": 0.008
}
