{
    "bl": 7.78,
    "cms": 0.0005958,
    "fs": 35.0,
    "le": 0.000262,
    "mms": 0.0349,
    "model": "W8-2096",
    "pe": 80.0,
    "qes": 0.46,
    "qms": 2.8,
    "qts": 0.39,
    "re": 3.6,
    "rms": 2.7,
    "sd": 0.022,
    "vas": 0.04095,
    "vendor": "TangBand",
    "xmax": 0.0085
}
