{
    "bl": 6.43,
    "cms": 0.001239,
    "fs": 55.0,
    "le": 0.00087,
    "mms": 0.007,
    "model": "W4-992SD",
    "pe": 28.0,
    "qes": 0.4,
    "qms": 2.93,
    "qts": 0.35,
    "re": 7.0,
    "rms": 0.8,
    "sd": 0.0057,
    "vas": 0.00572,
    "vendor": "TangBand",
    "xmax": 0.0035
}
