{
    "bl": 21.56,
    "cms": 0.0001676,
    "fs": 30.0,
    "le": 0.000548,
    "mms": 0.1416,
    "model": "W6-1936S",
    "pe": 80.0,
    "qes": 0.41,
    "qms": 3.09,
    "qts": 0.36,
    "re": 6.5,
    "rms": 8.6,
    "sd": 0.014,
    "vas": 0.00466,
    "vendor": "TangBand",
    "xmax": 0.0074
}
