{
    "bl": 7.12,
    "cms": 0.0006216,
    "fs": 50.0,
    "le": 0.000159,
    "mms": 0.018,
    "model": "W46-1316SM",
    "pe": 30.0,
    "qes": 0.36,
    "qms": 2.34,
    "qts": 0.31,
    "re": 3.4,
    "rms": 2.4,
    "sd": 0.00935,
    "vas": 0.00772,
    "vendor": "TangBand",
    "xmax": 0.0068
}
