{
    "bl": 13.2,
    "cms": 0.0004481,
    "fs": 40.0,
    "le": 0.00275,
    "mms": 0.037,
    "model": "W130X-2x4",
    "pe": 60.0,
    "qes": 0.41,
    "qms": 4.39,
    "qts": 0.37,
    "re": 7.9,
    "rms": 2.1,
    "sd": 0.00942,
    "vas": 0.00564,
    "vendor": "Visaton",
    "xmax": 0.003
}
