{
    "bl": 3.7,
    "cms": 0.001127,
    "fs": 65.0,
    "le": 0.0005,
    "mms": 0.0053,
    "model": "W100S-4",
    "pe": 30.0,
    "qes": 0.54,
    "qms": 3.04,
    "qts": 0.46,
    "re": 3.4,
    "rms": 0.7,
    "sd": 0.0053,
    "vas": 0.00449,
    "vendor": "Visaton",
    "xmax": 0.002
}
