{
    "bl": 3.43,
    "cms": 0.0023607,
    "fs": 37.0,
    "le": 0.0,
    "mms": 0.0075,
    "model": "KT100V-4",
    "pe": 25.0,
    "qes": 0.54,
    "qms": 2.22,
    "qts": 0.43,
    "re": 3.6,
    "rms": 0.8,
    "sd": 0.00541,
    "vas": 0.0098,
    "vendor": "Visaton",
    "xmax": 0.002
}
