{
    "bl": 15.2,
    "cms": 0.00022,
    "fs": 31.6,
    "le": 0.00174,
    "mms": 0.115,
    "model": "SW275BD02",
    "pe": 250.0,
    "qes": 0.7,
    "qms": 12.4,
    "qts": 0.67,
    "re": 7.1,
    "rms": 1.85,
    "sd": 0.0314,
    "vas": 0.031,
    "vendor": "Wavecor",
    "xmax": 0.016
}
