{
    "bl": 17.0,
    "cms": 0.00015,
    "fs": 55.0,
    "le": 0.00038,
    "mms": 0.056,
    "model": "WF259PA01",
    "pe": 300.0,
    "qes": 0.38,
    "qms": 12.0,
    "qts": 0.37,
    "re": 5.65,
    "rms": 1.6,
    "sd": 0.037,
    "vas": 0.029,
    "vendor": "Wavecor",
    "xmax": 0.0045
}
