{
    "bl": 14.5,
    "cms": 0.00018,
    "fs": 28.0,
    "le": 0.00155,
    "mms": 0.185,
    "model": "SW312WA03/05",
    "pe": 250.0,
    "qes": 0.5,
    "qms": 11.5,
    "qts": 0.48,
    "re": 3.2,
    "rms": 2.8,
    "sd": 0.0488,
    "vas": 0.061,
    "vendor": "Wavecor",
    "xmax": 0.0115
}
