{
    "bl": 6.3,
    "cms": 0.00066,
    "fs": 62.0,
    "le": 0.00023,
    "mms": 0.01,
    "model": "WF132TU02",
    "pe": 55.0,
    "qes": 0.46,
    "qms": 8.0,
    "qts": 0.44,
    "re": 3.2,
    "rms": 0.5,
    "sd": 0.0095,
    "vas": 0.009,
    "vendor": "Wavecor"
}
