{
    "bl": 7.3,
    "cms": 0.00093,
    "fs": 51.0,
    "le": 0.00015,
    "mms": 0.0106,
    "model": "WF152BD04",
    "pe": 70.0,
    "qes": 0.4,
    "qms": 7.3,
    "qts": 0.38,
    "re": 6.3,
    "rms": 0.46,
    "sd": 0.0093,
    "vas": 0.0114,
    "vendor": "Wavecor",
    "xmax": 0.0045
}
