{
    "bl": 12.1,
    "cms": 0.00022,
    "fs": 30.8,
    "le": 0.00094,
    "mms": 0.121,
    "model": "SW275BD01",
    "pe": 250.0,
    "qes": 0.59,
    "qms": 12.7,
    "qts": 0.57,
    "re": 3.7,
    "rms": 1.85,
    "sd": 0.0314,
    "vas": 0.031,
    "vendor": "Wavecor",
    "xmax": 0.016
}
