{
    "bl": 13.1,
    "cms": 0.00047,
    "fs": 25.0,
    "le": 0.00116,
    "mms": 0.089,
    "model": "SW223BD03",
    "pe": 200.0,
    "qes": 0.48,
    "qms": 10.2,
    "qts": 0.46,
    "re": 6.0,
    "rms": 1.35,
    "sd": 0.0206,
    "vas": 0.028,
    "vendor": "Wavecor",
    "xmax": 0.0117
}
