{
    "bl": 5.0,
    "cms": 0.00122,
    "fs": 41.0,
    "le": 0.00024,
    "mms": 0.0125,
    "model": "WF146WA05",
    "pe": 55.0,
    "qes": 0.41,
    "qms": 8.2,
    "qts": 0.39,
    "re": 3.2,
    "rms": 0.39,
    "sd": 0.0093,
    "vas": 0.015,
    "vendor": "Wavecor",
    "xmax": 0.003
}
