{
    "bl": 5.0,
    "cms": 0.00114,
    "fs": 40.0,
    "le": 0.00024,
    "mms": 0.014,
    "model": "WF168WA05",
    "pe": 60.0,
    "qes": 0.45,
    "qms": 7.2,
    "qts": 0.42,
    "re": 3.2,
    "rms": 0.49,
    "sd": 0.0131,
    "vas": 0.0277,
    "vendor": "Wavecor",
    "xmax": 0.003
}
