{
    "bl": 12.0,
    "cms": 0.00056,
    "fs": 36.0,
    "le": 0.00022,
    "mms": 0.035,
    "model": "WF178WA01",
    "pe": 100.0,
    "qes": 0.35,
    "qms": 18.4,
    "qts": 0.35,
    "re": 6.4,
    "rms": 0.4,
    "sd": 0.0131,
    "vas": 0.0136,
    "vendor": "Wavecor"
}
