{
    "bl": 4.7,
    "cms": 0.00097,
    "fs": 58.0,
    "le": 0.00048,
    "mms": 0.0079,
    "model": "SW118WA01",
    "pe": 40.0,
    "qes": 0.41,
    "qms": 8.4,
    "qts": 0.39,
    "re": 3.2,
    "rms": 0.34,
    "sd": 0.0049,
    "vas": 0.0033,
    "vendor": "Wavecor",
    "xmax": 0.004
}
