{
    "bl": 5.9,
    "cms": 0.00097,
    "fs": 60.0,
    "le": 0.00078,
    "mms": 0.0073,
    "model": "SW118WA02",
    "pe": 40.0,
    "qes": 0.5,
    "qms": 8.1,
    "qts": 0.47,
    "re": 6.3,
    "rms": 0.34,
    "sd": 0.0049,
    "vas": 0.0033,
    "vendor": "Wavecor",
    "xmax": 0.004
}
