{
    "bl": 8.2,
    "cms": 0.00133,
    "fs": 29.5,
    "le": 0.00017,
    "mms": 0.0219,
    "model": "WF182BD10/12",
    "pe": 80.0,
    "qes": 0.38,
    "qms": 8.8,
    "qts": 0.37,
    "re": 6.4,
    "rms": 0.46,
    "sd": 0.0131,
    "vas": 0.0324,
    "vendor": "Wavecor",
    "xmax": 0.0055
}
