{
    "bl": 4.5,
    "cms": 0.00118,
    "fs": 56.0,
    "le": 0.00022,
    "mms": 0.0069,
    "model": "WF118WA07",
    "pe": 50.0,
    "qes": 0.38,
    "qms": 7.8,
    "qts": 0.36,
    "re": 3.2,
    "rms": 0.31,
    "sd": 0.0054,
    "vas": 0.0049,
    "vendor": "Wavecor",
    "xmax": 0.004
}
