{
    "bl": 8.0,
    "cms": 0.00094,
    "fs": 46.0,
    "le": 0.00019,
    "mms": 0.0128,
    "model": "WF152BD06/08",
    "pe": 70.0,
    "qes": 0.36,
    "qms": 8.0,
    "qts": 0.35,
    "re": 6.3,
    "rms": 0.46,
    "sd": 0.0093,
    "vas": 0.0115,
    "vendor": "Wavecor",
    "xmax": 0.0045
}
