{
    "bl": 6.75,
    "cms": 0.00133,
    "fs": 33.8,
    "le": 0.00088,
    "mms": 0.0167,
    "model": "WF182BD04",
    "pe": 80.0,
    "qes": 0.26,
    "qms": 8.2,
    "qts": 0.25,
    "re": 3.3,
    "rms": 0.43,
    "sd": 0.0131,
    "vas": 0.0324,
    "vendor": "Wavecor"
}
