{
    "bl": 5.0,
    "cms": 0.00081,
    "fs": 50.0,
    "le": 0.00023,
    "mms": 0.0125,
    "model": "WF166TU02",
    "pe": 60.0,
    "qes": 0.5,
    "qms": 9.8,
    "qts": 0.48,
    "re": 3.2,
    "rms": 0.4,
    "sd": 0.0139,
    "vas": 0.0223,
    "vendor": "Wavecor"
}
