{
    "bl": 6.4,
    "cms": 0.00078,
    "fs": 58.0,
    "le": 0.00039,
    "mms": 0.0097,
    "model": "WF146WA02",
    "pe": 55.0,
    "qes": 0.54,
    "qms": 7.0,
    "qts": 0.51,
    "re": 6.3,
    "rms": 0.5,
    "sd": 0.0095,
    "vas": 0.01,
    "vendor": "Wavecor"
}
