{
    "bl": 6.35,
    "cms": 0.00094,
    "fs": 44.5,
    "le": 0.00011,
    "mms": 0.0135,
    "model": "WF152BD05/07",
    "pe": 70.0,
    "qes": 0.3,
    "qms": 8.2,
    "qts": 0.29,
    "re": 3.2,
    "rms": 0.46,
    "sd": 0.0093,
    "vas": 0.0115,
    "vendor": "Wavecor",
    "xmax": 0.0045
}
