{
    "bl": 4.3,
    "cms": 0.00084,
    "fs": 65.0,
    "le": 0.00016,
    "mms": 0.0071,
    "model": "WF118WA05",
    "pe": 50.0,
    "qes": 0.49,
    "qms": 7.5,
    "qts": 0.46,
    "re": 3.2,
    "rms": 0.39,
    "sd": 0.0054,
    "vas": 0.0035,
    "vendor": "Wavecor",
    "xmax": 0.003
}
