{
    "bl": 5.1,
    "cms": 0.00078,
    "fs": 56.0,
    "le": 0.00024,
    "mms": 0.01,
    "model": "WF146WA01",
    "pe": 55.0,
    "qes": 0.45,
    "qms": 7.0,
    "qts": 0.42,
    "re": 3.2,
    "rms": 0.5,
    "sd": 0.0095,
    "vas": 0.01,
    "vendor": "Wavecor"
}
