{
    "bl": 5.6,
    "cms": 0.00084,
    "fs": 66.0,
    "le": 0.00028,
    "mms": 0.0069,
    "model": "WF118WA06",
    "pe": 50.0,
    "qes": 0.59,
    "qms": 7.4,
    "qts": 0.55,
    "re": 6.5,
    "rms": 0.39,
    "sd": 0.0054,
    "vas": 0.0035,
    "vendor": "Wavecor",
    "xmax": 0.003
}
